
> n8n-monorepo@2.23.0 build C:\Users\Acer\n8n-Docker
> turbo run build "--filter=@n8n/api-types" "--filter=n8n"

• turbo 2.9.4

   • Packages in scope: @n8n/api-types, n8n
   • Running build in 2 packages
   • Remote caching disabled

@n8n/vitest-config:build: cache hit, replaying logs 51deb0096728271a
@n8n/vitest-config:build: 
@n8n/vitest-config:build: > @n8n/vitest-config@1.12.0 build C:\Users\Acer\n8n-Docker\packages\@n8n\vitest-config
@n8n/vitest-config:build: > tsc -p tsconfig.build.json
@n8n/vitest-config:build: 
@n8n/errors:build: cache hit, replaying logs 126288a0240d4aa6
@n8n/errors:build: 
@n8n/errors:build: > @n8n/errors@0.8.0 build C:\Users\Acer\n8n-Docker\packages\@n8n\errors
@n8n/errors:build: > tsc -p tsconfig.build.json
@n8n/errors:build: 
@n8n/constants:build: cache hit, replaying logs dc6be1d743ca16b4
@n8n/stylelint-config:build: cache hit, replaying logs 20547e2cda1f9105
@n8n/imap:build: cache hit, replaying logs c3c19a1bea313055
@n8n/constants:build: 
@n8n/constants:build: > @n8n/constants@0.25.0 build C:\Users\Acer\n8n-Docker\packages\@n8n\constants
@n8n/constants:build: > tsc -p tsconfig.build.json
@n8n/constants:build: 
@n8n/rules-engine:build: cache hit, replaying logs 56da2033a7c9ef28
@n8n/rules-engine:build: 
@n8n/rules-engine:build: > @n8n/rules-engine@0.1.0 build C:\Users\Acer\n8n-Docker\packages\testing\rules-engine
@n8n/rules-engine:build: > tsc -p tsconfig.build.json
@n8n/rules-engine:build: 
@n8n/stylelint-config:build: 
@n8n/stylelint-config:build: > @n8n/stylelint-config@0.0.1 build C:\Users\Acer\n8n-Docker\packages\@n8n\stylelint-config
@n8n/stylelint-config:build: > tsc
@n8n/stylelint-config:build: 
@n8n/codemirror-lang-html:build: cache hit, replaying logs 9a669fe0f941339c
@n8n/codemirror-lang-html:build: 
@n8n/codemirror-lang-html:build: > @n8n/codemirror-lang-html@1.3.0 build C:\Users\Acer\n8n-Docker\packages\@n8n\codemirror-lang-html
@n8n/codemirror-lang-html:build: > cm-buildhelper src/html.ts
@n8n/codemirror-lang-html:build: 
@n8n/imap:build: 
@n8n/imap:build: > @n8n/imap@0.20.0 build C:\Users\Acer\n8n-Docker\packages\@n8n\imap
@n8n/imap:build: > tsc -p tsconfig.build.json
@n8n/imap:build: 
@n8n/di:build: cache hit, replaying logs 4cd78981643407b6
@n8n/codemirror-lang:build: cache hit, replaying logs 201055e7d4da63a9
@n8n/codemirror-lang:build: 
@n8n/codemirror-lang:build: > @n8n/codemirror-lang@0.6.0 build C:\Users\Acer\n8n-Docker\packages\@n8n\codemirror-lang
@n8n/codemirror-lang:build: > tsc -p tsconfig.build.json
@n8n/codemirror-lang:build: 
@n8n/client-oauth2:build: cache hit, replaying logs 913939b043ab61b6
@n8n/di:build: 
@n8n/di:build: > @n8n/di@0.12.0 build C:\Users\Acer\n8n-Docker\packages\@n8n\di
@n8n/di:build: > tsc -p tsconfig.build.json
@n8n/di:build: 
@n8n/client-oauth2:build: 
@n8n/client-oauth2:build: > @n8n/client-oauth2@1.7.0 build C:\Users\Acer\n8n-Docker\packages\@n8n\client-oauth2
@n8n/client-oauth2:build: > tsc -p tsconfig.build.json
@n8n/client-oauth2:build: 
@n8n/tournament:build: cache hit, replaying logs 0ab29c1254962c78
@n8n/tournament:build: 
@n8n/tournament:build: > @n8n/tournament@1.2.0 build C:\Users\Acer\n8n-Docker\packages\@n8n\tournament
@n8n/tournament:build: > tsc -p ./tsconfig.build.json
@n8n/tournament:build: 
@n8n/mcp-browser:build: cache hit, replaying logs 9a4e5c8ffc3fe40e
@n8n/mcp-browser:build: 
@n8n/mcp-browser:build: > @n8n/mcp-browser@0.7.0 build C:\Users\Acer\n8n-Docker\packages\@n8n\mcp-browser
@n8n/mcp-browser:build: > tsc -p tsconfig.build.json
@n8n/mcp-browser:build: 
@n8n/codemirror-lang-sql:build: cache hit, replaying logs a8f8e646677d91c3
@n8n/codemirror-lang-sql:build: 
@n8n/codemirror-lang-sql:build: > @n8n/codemirror-lang-sql@1.7.0 build C:\Users\Acer\n8n-Docker\packages\@n8n\codemirror-lang-sql
@n8n/codemirror-lang-sql:build: > tsc -p tsconfig.build.json
@n8n/codemirror-lang-sql:build: 
@n8n/syslog-client:build: cache hit, replaying logs 8a5e69f0211be167
@n8n/syslog-client:build: 
@n8n/syslog-client:build: > @n8n/syslog-client@1.4.0 build C:\Users\Acer\n8n-Docker\packages\@n8n\syslog-client
@n8n/syslog-client:build: > tsc -p tsconfig.build.json
@n8n/syslog-client:build: 
@n8n/json-schema-to-zod:build: cache hit, replaying logs 7d0e41c23fee1caa
@n8n/permissions:build: cache hit, replaying logs 1e22e93778f818ff
@n8n/permissions:build: 
@n8n/permissions:build: > @n8n/permissions@0.61.0 build C:\Users\Acer\n8n-Docker\packages\@n8n\permissions
@n8n/permissions:build: > tsc -p tsconfig.build.json
@n8n/permissions:build: 
@n8n/json-schema-to-zod:build: 
@n8n/json-schema-to-zod:build: > @n8n/json-schema-to-zod@1.9.0 build C:\Users\Acer\n8n-Docker\packages\@n8n\json-schema-to-zod
@n8n/json-schema-to-zod:build: > rimraf ./dist && pnpm run build:types && pnpm run build:cjs && pnpm run build:esm
@n8n/json-schema-to-zod:build: 
@n8n/json-schema-to-zod:build: 
@n8n/json-schema-to-zod:build: > @n8n/json-schema-to-zod@1.9.0 build:types C:\Users\Acer\n8n-Docker\packages\@n8n\json-schema-to-zod
@n8n/json-schema-to-zod:build: > tsc -p tsconfig.types.json
@n8n/json-schema-to-zod:build: 
@n8n/json-schema-to-zod:build: 
@n8n/json-schema-to-zod:build: > @n8n/json-schema-to-zod@1.9.0 build:cjs C:\Users\Acer\n8n-Docker\packages\@n8n\json-schema-to-zod
@n8n/json-schema-to-zod:build: > tsc -p tsconfig.cjs.json && node postcjs.cjs
@n8n/json-schema-to-zod:build: 
@n8n/json-schema-to-zod:build: 
@n8n/json-schema-to-zod:build: > @n8n/json-schema-to-zod@1.9.0 build:esm C:\Users\Acer\n8n-Docker\packages\@n8n\json-schema-to-zod
@n8n/json-schema-to-zod:build: > tsc -p tsconfig.esm.json && node postesm.cjs
@n8n/json-schema-to-zod:build: 
@n8n/eslint-config:build: cache hit, replaying logs 6585ebcdad31546d
@n8n/eslint-config:build: 
@n8n/eslint-config:build: > @n8n/eslint-config@0.0.1 build C:\Users\Acer\n8n-Docker\packages\@n8n\eslint-config
@n8n/eslint-config:build: > tsc
@n8n/eslint-config:build: 
@n8n/config:build: cache hit, replaying logs 3b21b024c52f6505
@n8n/config:build: 
@n8n/config:build: > @n8n/config@2.22.0 build C:\Users\Acer\n8n-Docker\packages\@n8n\config
@n8n/config:build: > tsc -p tsconfig.build.json
@n8n/config:build: 
@n8n/expression-runtime:build: cache hit, replaying logs e1aa9c64f0362a60
@n8n/expression-runtime:build: 
@n8n/expression-runtime:build: > @n8n/expression-runtime@0.15.0 build C:\Users\Acer\n8n-Docker\packages\@n8n\expression-runtime
@n8n/expression-runtime:build: > tsc --build tsconfig.build.esm.json tsconfig.build.cjs.json && pnpm build:runtime
@n8n/expression-runtime:build: 
@n8n/expression-runtime:build: 
@n8n/expression-runtime:build: > @n8n/expression-runtime@0.15.0 build:runtime C:\Users\Acer\n8n-Docker\packages\@n8n\expression-runtime
@n8n/expression-runtime:build: > node esbuild.config.js
@n8n/expression-runtime:build: 
@n8n/expression-runtime:build: ✅ Runtime bundles created successfully
@n8n/playwright-janitor:build: cache hit, replaying logs ada996b03ab1be28
@n8n/playwright-janitor:build: 
@n8n/playwright-janitor:build: > @n8n/playwright-janitor@0.1.0 build C:\Users\Acer\n8n-Docker\packages\testing\janitor
@n8n/playwright-janitor:build: > tsc
@n8n/playwright-janitor:build: 
@n8n/utils:build: cache hit, replaying logs 816da004851e81bc
@n8n/utils:build: 
@n8n/utils:build: > @n8n/utils@1.32.0 build C:\Users\Acer\n8n-Docker\packages\@n8n\utils
@n8n/utils:build: > tsdown
@n8n/utils:build: 
@n8n/utils:build: [34mℹ[39m tsdown [2mv0.16.5[22m powered by rolldown [2mv1.0.0-beta.50[22m
@n8n/utils:build: [34mℹ[39m Using tsdown config: [4mC:\Users\Acer\n8n-Docker\packages\@n8n\utils\tsdown.config.ts[24m
@n8n/utils:build: [34mℹ[39m entry: [34msrc\assert.ts, src\event-bus.ts, src\event-queue.ts, src\index.ts, src\jwt.ts, src\placeholder.ts, src\retry.ts, src\scrub-secrets.ts, src\workflowId.ts, src\files\path.ts, src\files\sanitize.ts, src\number\smartDecimal.ts, src\search\reRankSearchResults.ts, src\search\sublimeSearch.ts, src\string\truncate.ts, src\sort\sortByProperty.ts[39m
@n8n/utils:build: [34mℹ[39m tsconfig: [34mtsconfig.json[39m
@n8n/utils:build: [34mℹ[39m Build start
@n8n/utils:build: [34mℹ[39m Cleaning 160 files
@n8n/utils:build: [34mℹ[39m [33m[CJS][39m [2mdist\[22m[1mindex.cjs[22m                       [2m 2.22 kB[22m [2m│ gzip: 0.54 kB[22m
@n8n/utils:build: [34mℹ[39m [33m[CJS][39m [2mdist\[22m[1mplaceholder.cjs[22m                 [2m 0.50 kB[22m [2m│ gzip: 0.17 kB[22m
@n8n/utils:build: [34mℹ[39m [33m[CJS][39m [2mdist\[22m[1msearch/sublimeSearch.cjs[22m        [2m 0.18 kB[22m [2m│ gzip: 0.10 kB[22m
@n8n/utils:build: [34mℹ[39m [33m[CJS][39m [2mdist\[22m[1mstring/truncate.cjs[22m             [2m 0.17 kB[22m [2m│ gzip: 0.09 kB[22m
@n8n/utils:build: [34mℹ[39m [33m[CJS][39m [2mdist\[22m[1msearch/reRankSearchResults.cjs[22m  [2m 0.15 kB[22m [2m│ gzip: 0.09 kB[22m
@n8n/utils:build: [34mℹ[39m [33m[CJS][39m [2mdist\[22m[1mscrub-secrets.cjs[22m               [2m 0.13 kB[22m [2m│ gzip: 0.10 kB[22m
@n8n/utils:build: [34mℹ[39m [33m[CJS][39m [2mdist\[22m[1msort/sortByProperty.cjs[22m         [2m 0.13 kB[22m [2m│ gzip: 0.08 kB[22m
@n8n/utils:build: [34mℹ[39m [33m[CJS][39m [2mdist\[22m[1mevent-queue.cjs[22m                 [2m 0.12 kB[22m [2m│ gzip: 0.09 kB[22m
@n8n/utils:build: [34mℹ[39m [33m[CJS][39m [2mdist\[22m[1mnumber/smartDecimal.cjs[22m         [2m 0.12 kB[22m [2m│ gzip: 0.08 kB[22m
@n8n/utils:build: [34mℹ[39m [33m[CJS][39m [2mdist\[22m[1mworkflowId.cjs[22m                  [2m 0.12 kB[22m [2m│ gzip: 0.09 kB[22m
@n8n/utils:build: [34mℹ[39m [33m[CJS][39m [2mdist\[22m[1mfiles/sanitize.cjs[22m              [2m 0.12 kB[22m [2m│ gzip: 0.09 kB[22m
@n8n/utils:build: [34mℹ[39m [33m[CJS][39m [2mdist\[22m[1mevent-bus.cjs[22m                   [2m 0.11 kB[22m [2m│ gzip: 0.09 kB[22m
@n8n/utils:build: [34mℹ[39m [33m[CJS][39m [2mdist\[22m[1mfiles/path.cjs[22m                  [2m 0.10 kB[22m [2m│ gzip: 0.09 kB[22m
@n8n/utils:build: [34mℹ[39m [33m[CJS][39m [2mdist\[22m[1mjwt.cjs[22m                         [2m 0.09 kB[22m [2m│ gzip: 0.08 kB[22m
@n8n/utils:build: [34mℹ[39m [33m[CJS][39m [2mdist\[22m[1massert.cjs[22m                      [2m 0.09 kB[22m [2m│ gzip: 0.07 kB[22m
@n8n/utils:build: [34mℹ[39m [33m[CJS][39m [2mdist\[22m[1mretry.cjs[22m                       [2m 0.08 kB[22m [2m│ gzip: 0.07 kB[22m
@n8n/utils:build: [34mℹ[39m [33m[CJS][39m [2mdist\[22msublimeSearch.cjs.map           [2m12.22 kB[22m [2m│ gzip: 3.95 kB[22m
@n8n/utils:build: [34mℹ[39m [33m[CJS][39m [2mdist\[22mplaceholder2.cjs.map            [2m 5.54 kB[22m [2m│ gzip: 1.87 kB[22m
@n8n/utils:build: [34mℹ[39m [33m[CJS][39m [2mdist\[22msublimeSearch.cjs               [2m 5.54 kB[22m [2m│ gzip: 1.80 kB[22m
@n8n/utils:build: [34mℹ[39m [33m[CJS][39m [2mdist\[22mplaceholder2.cjs                [2m 3.86 kB[22m [2m│ gzip: 1.22 kB[22m
@n8n/utils:build: [34mℹ[39m [33m[CJS][39m [2mdist\[22mscrub-secrets2.cjs.map          [2m 3.31 kB[22m [2m│ gzip: 1.66 kB[22m
@n8n/utils:build: [34mℹ[39m [33m[CJS][39m [2mdist\[22mevent-bus2.cjs.map              [2m 3.10 kB[22m [2m│ gzip: 1.00 kB[22m
@n8n/utils:build: [34mℹ[39m [33m[CJS][39m [2mdist\[22msanitize.cjs.map                [2m 3.08 kB[22m [2m│ gzip: 1.26 kB[22m
@n8n/utils:build: [34mℹ[39m [33m[CJS][39m [2mdist\[22mtruncate.cjs.map                [2m 2.85 kB[22m [2m│ gzip: 1.13 kB[22m
@n8n/utils:build: [34mℹ[39m [33m[CJS][39m [2mdist\[22mretry2.cjs.map                  [2m 2.45 kB[22m [2m│ gzip: 1.06 kB[22m
@n8n/utils:build: [34mℹ[39m [33m[CJS][39m [2mdist\[22msanitize.cjs                    [2m 1.91 kB[22m [2m│ gzip: 0.90 kB[22m
@n8n/utils:build: [34mℹ[39m [33m[CJS][39m [2mdist\[22mevent-queue2.cjs.map            [2m 1.85 kB[22m [2m│ gzip: 0.84 kB[22m
@n8n/utils:build: [34mℹ[39m [33m[CJS][39m [2mdist\[22mtruncate.cjs                    [2m 1.77 kB[22m [2m│ gzip: 0.73 kB[22m
@n8n/utils:build: [34mℹ[39m [33m[CJS][39m [2mdist\[22mscrub-secrets2.cjs              [2m 1.67 kB[22m [2m│ gzip: 0.99 kB[22m
@n8n/utils:build: [34mℹ[39m [33m[CJS][39m [2mdist\[22mretry2.cjs                      [2m 1.54 kB[22m [2m│ gzip: 0.71 kB[22m
@n8n/utils:build: [34mℹ[39m [33m[CJS][39m [2mdist\[22mreRankSearchResults.cjs.map     [2m 1.32 kB[22m [2m│ gzip: 0.63 kB[22m
@n8n/utils:build: [34mℹ[39m [33m[CJS][39m [2mdist\[22mevent-bus2.cjs                  [2m 1.11 kB[22m [2m│ gzip: 0.52 kB[22m
@n8n/utils:build: [34mℹ[39m [33m[CJS][39m [2mdist\[22mevent-queue2.cjs                [2m 1.10 kB[22m [2m│ gzip: 0.53 kB[22m
@n8n/utils:build: [34mℹ[39m [33m[CJS][39m [2mdist\[22mjwt2.cjs.map                    [2m 1.04 kB[22m [2m│ gzip: 0.62 kB[22m
@n8n/utils:build: [34mℹ[39m [33m[CJS][39m [2mdist\[22mworkflowId2.cjs.map             [2m 0.87 kB[22m [2m│ gzip: 0.49 kB[22m
@n8n/utils:build: [34mℹ[39m [33m[CJS][39m [2mdist\[22mworkflowId2.cjs                 [2m 0.81 kB[22m [2m│ gzip: 0.49 kB[22m
@n8n/utils:build: [34mℹ[39m [33m[CJS][39m [2mdist\[22mjwt2.cjs                        [2m 0.75 kB[22m [2m│ gzip: 0.50 kB[22m
@n8n/utils:build: [34mℹ[39m [33m[CJS][39m [2mdist\[22msortByProperty.cjs.map          [2m 0.69 kB[22m [2m│ gzip: 0.42 kB[22m
@n8n/utils:build: [34mℹ[39m [33m[CJS][39m [2mdist\[22msmartDecimal.cjs.map            [2m 0.66 kB[22m [2m│ gzip: 0.38 kB[22m
@n8n/utils:build: [34mℹ[39m [33m[CJS][39m [2mdist\[22mreRankSearchResults.cjs         [2m 0.65 kB[22m [2m│ gzip: 0.34 kB[22m
@n8n/utils:build: [34mℹ[39m [33m[CJS][39m [2mdist\[22massert2.cjs.map                 [2m 0.48 kB[22m [2m│ gzip: 0.33 kB[22m
@n8n/utils:build: [34mℹ[39m [33m[CJS][39m [2mdist\[22msortByProperty.cjs              [2m 0.47 kB[22m [2m│ gzip: 0.30 kB[22m
@n8n/utils:build: [34mℹ[39m [33m[CJS][39m [2mdist\[22msmartDecimal.cjs                [2m 0.42 kB[22m [2m│ gzip: 0.28 kB[22m
@n8n/utils:build: [34mℹ[39m [33m[CJS][39m [2mdist\[22mpath.cjs                        [2m 0.37 kB[22m [2m│ gzip: 0.28 kB[22m
@n8n/utils:build: [34mℹ[39m [33m[CJS][39m [2mdist\[22mpath.cjs.map                    [2m 0.37 kB[22m [2m│ gzip: 0.28 kB[22m
@n8n/utils:build: [34mℹ[39m [33m[CJS][39m [2mdist\[22massert2.cjs                     [2m 0.32 kB[22m [2m│ gzip: 0.24 kB[22m
@n8n/utils:build: [34mℹ[39m [33m[CJS][39m 46 files, total: 66.57 kB
@n8n/utils:build: [34mℹ[39m [34m[ESM][39m [2mdist\[22m[1mindex.mjs[22m                         [2m 1.41 kB[22m [2m│ gzip: 0.45 kB[22m
@n8n/utils:build: [34mℹ[39m [34m[ESM][39m [2mdist\[22m[1mplaceholder.mjs[22m                   [2m 0.35 kB[22m [2m│ gzip: 0.16 kB[22m
@n8n/utils:build: [34mℹ[39m [34m[ESM][39m [2mdist\[22m[1msearch/sublimeSearch.mjs[22m          [2m 0.12 kB[22m [2m│ gzip: 0.10 kB[22m
@n8n/utils:build: [34mℹ[39m [34m[ESM][39m [2mdist\[22m[1mstring/truncate.mjs[22m               [2m 0.12 kB[22m [2m│ gzip: 0.09 kB[22m
@n8n/utils:build: [34mℹ[39m [34m[ESM][39m [2mdist\[22m[1msearch/reRankSearchResults.mjs[22m    [2m 0.10 kB[22m [2m│ gzip: 0.08 kB[22m
@n8n/utils:build: [34mℹ[39m [34m[ESM][39m [2mdist\[22m[1mscrub-secrets.mjs[22m                 [2m 0.10 kB[22m [2m│ gzip: 0.09 kB[22m
@n8n/utils:build: [34mℹ[39m [34m[ESM][39m [2mdist\[22m[1mevent-queue.mjs[22m                   [2m 0.09 kB[22m [2m│ gzip: 0.08 kB[22m
@n8n/utils:build: [34mℹ[39m [34m[ESM][39m [2mdist\[22m[1msort/sortByProperty.mjs[22m           [2m 0.09 kB[22m [2m│ gzip: 0.08 kB[22m
@n8n/utils:build: [34mℹ[39m [34m[ESM][39m [2mdist\[22m[1mfiles/sanitize.mjs[22m                [2m 0.09 kB[22m [2m│ gzip: 0.08 kB[22m
@n8n/utils:build: [34mℹ[39m [34m[ESM][39m [2mdist\[22m[1mfiles/path.mjs[22m                    [2m 0.08 kB[22m [2m│ gzip: 0.08 kB[22m
@n8n/utils:build: [34mℹ[39m [34m[ESM][39m [2mdist\[22m[1mworkflowId.mjs[22m                    [2m 0.08 kB[22m [2m│ gzip: 0.09 kB[22m
@n8n/utils:build: [34mℹ[39m [34m[ESM][39m [2mdist\[22m[1mevent-bus.mjs[22m                     [2m 0.08 kB[22m [2m│ gzip: 0.08 kB[22m
@n8n/utils:build: [34mℹ[39m [34m[ESM][39m [2mdist\[22m[1mnumber/smartDecimal.mjs[22m           [2m 0.08 kB[22m [2m│ gzip: 0.07 kB[22m
@n8n/utils:build: [34mℹ[39m [34m[ESM][39m [2mdist\[22m[1mjwt.mjs[22m                           [2m 0.07 kB[22m [2m│ gzip: 0.08 kB[22m
@n8n/utils:build: [34mℹ[39m [34m[ESM][39m [2mdist\[22m[1massert.mjs[22m                        [2m 0.06 kB[22m [2m│ gzip: 0.07 kB[22m
@n8n/utils:build: [34mℹ[39m [34m[ESM][39m [2mdist\[22m[1mretry.mjs[22m                         [2m 0.06 kB[22m [2m│ gzip: 0.07 kB[22m
@n8n/utils:build: [34mℹ[39m [34m[ESM][39m [2mdist\[22msublimeSearch.mjs.map             [2m12.22 kB[22m [2m│ gzip: 3.95 kB[22m
@n8n/utils:build: [34mℹ[39m [34m[ESM][39m [2mdist\[22mplaceholder2.mjs.map              [2m 5.54 kB[22m [2m│ gzip: 1.87 kB[22m
@n8n/utils:build: [34mℹ[39m [34m[ESM][39m [2mdist\[22msublimeSearch.mjs                 [2m 5.34 kB[22m [2m│ gzip: 1.75 kB[22m
@n8n/utils:build: [34mℹ[39m [34m[ESM][39m [2mdist\[22mscrub-secrets2.mjs.map            [2m 3.31 kB[22m [2m│ gzip: 1.66 kB[22m
@n8n/utils:build: [34mℹ[39m [34m[ESM][39m [2mdist\[22mplaceholder2.mjs                  [2m 3.20 kB[22m [2m│ gzip: 1.15 kB[22m
@n8n/utils:build: [34mℹ[39m [34m[ESM][39m [2mdist\[22mevent-bus2.mjs.map                [2m 3.10 kB[22m [2m│ gzip: 1.00 kB[22m
@n8n/utils:build: [34mℹ[39m [34m[ESM][39m [2mdist\[22msanitize.mjs.map                  [2m 3.08 kB[22m [2m│ gzip: 1.26 kB[22m
@n8n/utils:build: [34mℹ[39m [34m[ESM][39m [2mdist\[22mtruncate.mjs.map                  [2m 2.85 kB[22m [2m│ gzip: 1.13 kB[22m
@n8n/utils:build: [34mℹ[39m [34m[ESM][39m [2mdist\[22mretry2.mjs.map                    [2m 2.45 kB[22m [2m│ gzip: 1.06 kB[22m
@n8n/utils:build: [34mℹ[39m [34m[ESM][39m [2mdist\[22mevent-queue2.mjs.map              [2m 1.85 kB[22m [2m│ gzip: 0.84 kB[22m
@n8n/utils:build: [34mℹ[39m [34m[ESM][39m [2mdist\[22msanitize.mjs                      [2m 1.82 kB[22m [2m│ gzip: 0.84 kB[22m
@n8n/utils:build: [34mℹ[39m [34m[ESM][39m [2mdist\[22mscrub-secrets2.mjs                [2m 1.57 kB[22m [2m│ gzip: 0.93 kB[22m
@n8n/utils:build: [34mℹ[39m [34m[ESM][39m [2mdist\[22mtruncate.mjs                      [2m 1.57 kB[22m [2m│ gzip: 0.67 kB[22m
@n8n/utils:build: [34mℹ[39m [34m[ESM][39m [2mdist\[22mretry2.mjs                        [2m 1.45 kB[22m [2m│ gzip: 0.67 kB[22m
@n8n/utils:build: [34mℹ[39m [34m[ESM][39m [2mdist\[22mreRankSearchResults.mjs.map       [2m 1.32 kB[22m [2m│ gzip: 0.63 kB[22m
@n8n/utils:build: [34mℹ[39m [34m[ESM][39m [2mdist\[22mjwt2.mjs.map                      [2m 1.04 kB[22m [2m│ gzip: 0.62 kB[22m
@n8n/utils:build: [34mℹ[39m [34m[ESM][39m [2mdist\[22mevent-bus2.mjs                    [2m 1.02 kB[22m [2m│ gzip: 0.47 kB[22m
@n8n/utils:build: [34mℹ[39m [34m[ESM][39m [2mdist\[22mevent-queue2.mjs                  [2m 1.00 kB[22m [2m│ gzip: 0.48 kB[22m
@n8n/utils:build: [34mℹ[39m [34m[ESM][39m [2mdist\[22mworkflowId2.mjs.map               [2m 0.86 kB[22m [2m│ gzip: 0.48 kB[22m
@n8n/utils:build: [34mℹ[39m [34m[ESM][39m [2mdist\[22mworkflowId2.mjs                   [2m 0.69 kB[22m [2m│ gzip: 0.43 kB[22m
@n8n/utils:build: [34mℹ[39m [34m[ESM][39m [2mdist\[22msortByProperty.mjs.map            [2m 0.69 kB[22m [2m│ gzip: 0.42 kB[22m
@n8n/utils:build: [34mℹ[39m [34m[ESM][39m [2mdist\[22mjwt2.mjs                          [2m 0.66 kB[22m [2m│ gzip: 0.45 kB[22m
@n8n/utils:build: [34mℹ[39m [34m[ESM][39m [2mdist\[22msmartDecimal.mjs.map              [2m 0.65 kB[22m [2m│ gzip: 0.38 kB[22m
@n8n/utils:build: [34mℹ[39m [34m[ESM][39m [2mdist\[22mreRankSearchResults.mjs           [2m 0.55 kB[22m [2m│ gzip: 0.30 kB[22m
@n8n/utils:build: [34mℹ[39m [34m[ESM][39m [2mdist\[22massert2.mjs.map                   [2m 0.48 kB[22m [2m│ gzip: 0.33 kB[22m
@n8n/utils:build: [34mℹ[39m [34m[ESM][39m [2mdist\[22msortByProperty.mjs                [2m 0.38 kB[22m [2m│ gzip: 0.25 kB[22m
@n8n/utils:build: [34mℹ[39m [34m[ESM][39m [2mdist\[22mpath.mjs.map                      [2m 0.37 kB[22m [2m│ gzip: 0.28 kB[22m
@n8n/utils:build: [34mℹ[39m [34m[ESM][39m [2mdist\[22msmartDecimal.mjs                  [2m 0.33 kB[22m [2m│ gzip: 0.22 kB[22m
@n8n/utils:build: [34mℹ[39m [34m[ESM][39m [2mdist\[22mpath.mjs                          [2m 0.27 kB[22m [2m│ gzip: 0.22 kB[22m
@n8n/utils:build: [34mℹ[39m [34m[ESM][39m [2mdist\[22massert2.mjs                       [2m 0.24 kB[22m [2m│ gzip: 0.19 kB[22m
@n8n/utils:build: [34mℹ[39m [34m[ESM][39m [2mdist\[22m[32m[1mindex.d.mts[22m[39m                       [2m 1.51 kB[22m [2m│ gzip: 0.48 kB[22m
@n8n/utils:build: [34mℹ[39m [34m[ESM][39m [2mdist\[22m[32m[1mplaceholder.d.mts[22m[39m                 [2m 0.39 kB[22m [2m│ gzip: 0.17 kB[22m
@n8n/utils:build: [34mℹ[39m [34m[ESM][39m [2mdist\[22m[32m[1mevent-bus.d.mts[22m[39m                   [2m 0.14 kB[22m [2m│ gzip: 0.11 kB[22m
@n8n/utils:build: [34mℹ[39m [34m[ESM][39m [2mdist\[22m[32m[1msearch/sublimeSearch.d.mts[22m[39m        [2m 0.12 kB[22m [2m│ gzip: 0.10 kB[22m
@n8n/utils:build: [34mℹ[39m [34m[ESM][39m [2mdist\[22m[32m[1mstring/truncate.d.mts[22m[39m             [2m 0.11 kB[22m [2m│ gzip: 0.09 kB[22m
@n8n/utils:build: [34mℹ[39m [34m[ESM][39m [2mdist\[22m[32m[1msearch/reRankSearchResults.d.mts[22m[39m  [2m 0.10 kB[22m [2m│ gzip: 0.08 kB[22m
@n8n/utils:build: [34mℹ[39m [34m[ESM][39m [2mdist\[22m[32m[1mscrub-secrets.d.mts[22m[39m               [2m 0.09 kB[22m [2m│ gzip: 0.08 kB[22m
@n8n/utils:build: [34mℹ[39m [34m[ESM][39m [2mdist\[22m[32m[1mevent-queue.d.mts[22m[39m                 [2m 0.09 kB[22m [2m│ gzip: 0.08 kB[22m
@n8n/utils:build: [34mℹ[39m [34m[ESM][39m [2mdist\[22m[32m[1msort/sortByProperty.d.mts[22m[39m         [2m 0.09 kB[22m [2m│ gzip: 0.08 kB[22m
@n8n/utils:build: [34mℹ[39m [34m[ESM][39m [2mdist\[22m[32m[1mfiles/sanitize.d.mts[22m[39m              [2m 0.09 kB[22m [2m│ gzip: 0.08 kB[22m
@n8n/utils:build: [34mℹ[39m [34m[ESM][39m [2mdist\[22m[32m[1mfiles/path.d.mts[22m[39m                  [2m 0.08 kB[22m [2m│ gzip: 0.08 kB[22m
@n8n/utils:build: [34mℹ[39m [34m[ESM][39m [2mdist\[22m[32m[1mworkflowId.d.mts[22m[39m                  [2m 0.08 kB[22m [2m│ gzip: 0.08 kB[22m
@n8n/utils:build: [34mℹ[39m [34m[ESM][39m [2mdist\[22m[32m[1mnumber/smartDecimal.d.mts[22m[39m         [2m 0.08 kB[22m [2m│ gzip: 0.07 kB[22m
@n8n/utils:build: [34mℹ[39m [34m[ESM][39m [2mdist\[22m[32m[1mjwt.d.mts[22m[39m                         [2m 0.07 kB[22m [2m│ gzip: 0.07 kB[22m
@n8n/utils:build: [34mℹ[39m [34m[ESM][39m [2mdist\[22m[32m[1massert.d.mts[22m[39m                      [2m 0.06 kB[22m [2m│ gzip: 0.07 kB[22m
@n8n/utils:build: [34mℹ[39m [34m[ESM][39m [2mdist\[22m[32m[1mretry.d.mts[22m[39m                       [2m 0.06 kB[22m [2m│ gzip: 0.07 kB[22m
@n8n/utils:build: [34mℹ[39m [34m[ESM][39m [2mdist\[22m[32mevent-bus2.d.mts[39m                  [2m 0.99 kB[22m [2m│ gzip: 0.35 kB[22m
@n8n/utils:build: [34mℹ[39m [34m[ESM][39m [2mdist\[22m[32mplaceholder2.d.mts[39m                [2m 0.77 kB[22m [2m│ gzip: 0.29 kB[22m
@n8n/utils:build: [34mℹ[39m [34m[ESM][39m [2mdist\[22m[32msublimeSearch.d.mts[39m               [2m 0.39 kB[22m [2m│ gzip: 0.25 kB[22m
@n8n/utils:build: [34mℹ[39m [34m[ESM][39m [2mdist\[22m[32mreRankSearchResults.d.mts[39m         [2m 0.37 kB[22m [2m│ gzip: 0.22 kB[22m
@n8n/utils:build: [34mℹ[39m [34m[ESM][39m [2mdist\[22m[32mtruncate.d.mts[39m                    [2m 0.34 kB[22m [2m│ gzip: 0.20 kB[22m
@n8n/utils:build: [34mℹ[39m [34m[ESM][39m [2mdist\[22m[32mretry2.d.mts[39m                      [2m 0.28 kB[22m [2m│ gzip: 0.22 kB[22m
@n8n/utils:build: [34mℹ[39m [34m[ESM][39m [2mdist\[22m[32mevent-queue2.d.mts[39m                [2m 0.24 kB[22m [2m│ gzip: 0.18 kB[22m
@n8n/utils:build: [34mℹ[39m [34m[ESM][39m [2mdist\[22m[32msortByProperty.d.mts[39m              [2m 0.22 kB[22m [2m│ gzip: 0.17 kB[22m
@n8n/utils:build: [34mℹ[39m [34m[ESM][39m [2mdist\[22m[32msanitize.d.mts[39m                    [2m 0.20 kB[22m [2m│ gzip: 0.16 kB[22m
@n8n/utils:build: [34mℹ[39m [34m[ESM][39m [2mdist\[22m[32msmartDecimal.d.mts[39m                [2m 0.20 kB[22m [2m│ gzip: 0.15 kB[22m
@n8n/utils:build: [34mℹ[39m [34m[ESM][39m [2mdist\[22m[32mscrub-secrets2.d.mts[39m              [2m 0.19 kB[22m [2m│ gzip: 0.15 kB[22m
@n8n/utils:build: [34mℹ[39m [34m[ESM][39m [2mdist\[22m[32massert2.d.mts[39m                     [2m 0.18 kB[22m [2m│ gzip: 0.15 kB[22m
@n8n/utils:build: [34mℹ[39m [34m[ESM][39m [2mdist\[22m[32mworkflowId2.d.mts[39m                 [2m 0.17 kB[22m [2m│ gzip: 0.15 kB[22m
@n8n/utils:build: [34mℹ[39m [34m[ESM][39m [2mdist\[22m[32mpath.d.mts[39m                        [2m 0.17 kB[22m [2m│ gzip: 0.15 kB[22m
@n8n/utils:build: [34mℹ[39m [34m[ESM][39m [2mdist\[22m[32mjwt2.d.mts[39m                        [2m 0.17 kB[22m [2m│ gzip: 0.15 kB[22m
@n8n/utils:build: [34mℹ[39m [34m[ESM][39m 77 files, total: 70.90 kB
@n8n/utils:build: [34mℹ[39m [33m[CJS][39m [2mdist\[22m[32m[1mindex.d.cts[22m[39m                       [2m1.51 kB[22m [2m│ gzip: 0.48 kB[22m
@n8n/utils:build: [34mℹ[39m [33m[CJS][39m [2mdist\[22m[32m[1mplaceholder.d.cts[22m[39m                 [2m0.39 kB[22m [2m│ gzip: 0.17 kB[22m
@n8n/utils:build: [34mℹ[39m [33m[CJS][39m [2mdist\[22m[32m[1mevent-bus.d.cts[22m[39m                   [2m0.14 kB[22m [2m│ gzip: 0.11 kB[22m
@n8n/utils:build: [34mℹ[39m [33m[CJS][39m [2mdist\[22m[32m[1msearch/sublimeSearch.d.cts[22m[39m        [2m0.12 kB[22m [2m│ gzip: 0.10 kB[22m
@n8n/utils:build: [34mℹ[39m [33m[CJS][39m [2mdist\[22m[32m[1mstring/truncate.d.cts[22m[39m             [2m0.11 kB[22m [2m│ gzip: 0.09 kB[22m
@n8n/utils:build: [34mℹ[39m [33m[CJS][39m [2mdist\[22m[32m[1msearch/reRankSearchResults.d.cts[22m[39m  [2m0.10 kB[22m [2m│ gzip: 0.08 kB[22m
@n8n/utils:build: [34mℹ[39m [33m[CJS][39m [2mdist\[22m[32m[1mscrub-secrets.d.cts[22m[39m               [2m0.09 kB[22m [2m│ gzip: 0.08 kB[22m
@n8n/utils:build: [34mℹ[39m [33m[CJS][39m [2mdist\[22m[32m[1mevent-queue.d.cts[22m[39m                 [2m0.09 kB[22m [2m│ gzip: 0.08 kB[22m
@n8n/utils:build: [34mℹ[39m [33m[CJS][39m [2mdist\[22m[32m[1msort/sortByProperty.d.cts[22m[39m         [2m0.09 kB[22m [2m│ gzip: 0.08 kB[22m
@n8n/utils:build: [34mℹ[39m [33m[CJS][39m [2mdist\[22m[32m[1mfiles/sanitize.d.cts[22m[39m              [2m0.09 kB[22m [2m│ gzip: 0.08 kB[22m
@n8n/utils:build: [34mℹ[39m [33m[CJS][39m [2mdist\[22m[32m[1mfiles/path.d.cts[22m[39m                  [2m0.08 kB[22m [2m│ gzip: 0.08 kB[22m
@n8n/utils:build: [34mℹ[39m [33m[CJS][39m [2mdist\[22m[32m[1mworkflowId.d.cts[22m[39m                  [2m0.08 kB[22m [2m│ gzip: 0.08 kB[22m
@n8n/utils:build: [34mℹ[39m [33m[CJS][39m [2mdist\[22m[32m[1mnumber/smartDecimal.d.cts[22m[39m         [2m0.08 kB[22m [2m│ gzip: 0.07 kB[22m
@n8n/utils:build: [34mℹ[39m [33m[CJS][39m [2mdist\[22m[32m[1mjwt.d.cts[22m[39m                         [2m0.07 kB[22m [2m│ gzip: 0.07 kB[22m
@n8n/utils:build: [34mℹ[39m [33m[CJS][39m [2mdist\[22m[32m[1massert.d.cts[22m[39m                      [2m0.06 kB[22m [2m│ gzip: 0.07 kB[22m
@n8n/utils:build: [34mℹ[39m [33m[CJS][39m [2mdist\[22m[32m[1mretry.d.cts[22m[39m                       [2m0.06 kB[22m [2m│ gzip: 0.07 kB[22m
@n8n/utils:build: [34mℹ[39m [33m[CJS][39m [2mdist\[22m[32mevent-bus2.d.cts[39m                  [2m0.99 kB[22m [2m│ gzip: 0.35 kB[22m
@n8n/utils:build: [34mℹ[39m [33m[CJS][39m [2mdist\[22m[32mplaceholder2.d.cts[39m                [2m0.77 kB[22m [2m│ gzip: 0.29 kB[22m
@n8n/utils:build: [34mℹ[39m [33m[CJS][39m [2mdist\[22m[32msublimeSearch.d.cts[39m               [2m0.39 kB[22m [2m│ gzip: 0.25 kB[22m
@n8n/utils:build: [34mℹ[39m [33m[CJS][39m [2mdist\[22m[32mreRankSearchResults.d.cts[39m         [2m0.37 kB[22m [2m│ gzip: 0.22 kB[22m
@n8n/utils:build: [34mℹ[39m [33m[CJS][39m [2mdist\[22m[32mtruncate.d.cts[39m                    [2m0.34 kB[22m [2m│ gzip: 0.20 kB[22m
@n8n/utils:build: [34mℹ[39m [33m[CJS][39m [2mdist\[22m[32mretry2.d.cts[39m                      [2m0.28 kB[22m [2m│ gzip: 0.22 kB[22m
@n8n/utils:build: [34mℹ[39m [33m[CJS][39m [2mdist\[22m[32mevent-queue2.d.cts[39m                [2m0.24 kB[22m [2m│ gzip: 0.18 kB[22m
@n8n/utils:build: [34mℹ[39m [33m[CJS][39m [2mdist\[22m[32msortByProperty.d.cts[39m              [2m0.22 kB[22m [2m│ gzip: 0.17 kB[22m
@n8n/utils:build: [34mℹ[39m [33m[CJS][39m [2mdist\[22m[32msanitize.d.cts[39m                    [2m0.20 kB[22m [2m│ gzip: 0.16 kB[22m
@n8n/utils:build: [34mℹ[39m [33m[CJS][39m [2mdist\[22m[32msmartDecimal.d.cts[39m                [2m0.20 kB[22m [2m│ gzip: 0.15 kB[22m
@n8n/utils:build: [34mℹ[39m [33m[CJS][39m [2mdist\[22m[32mscrub-secrets2.d.cts[39m              [2m0.19 kB[22m [2m│ gzip: 0.15 kB[22m
@n8n/utils:build: [34mℹ[39m [33m[CJS][39m [2mdist\[22m[32massert2.d.cts[39m                     [2m0.18 kB[22m [2m│ gzip: 0.15 kB[22m
@n8n/utils:build: [34mℹ[39m [33m[CJS][39m [2mdist\[22m[32mworkflowId2.d.cts[39m                 [2m0.17 kB[22m [2m│ gzip: 0.15 kB[22m
@n8n/utils:build: [34mℹ[39m [33m[CJS][39m [2mdist\[22m[32mpath.d.cts[39m                        [2m0.17 kB[22m [2m│ gzip: 0.15 kB[22m
@n8n/utils:build: [34mℹ[39m [33m[CJS][39m [2mdist\[22m[32mjwt2.d.cts[39m                        [2m0.17 kB[22m [2m│ gzip: 0.15 kB[22m
@n8n/utils:build: [34mℹ[39m [33m[CJS][39m 31 files, total: 8.05 kB
@n8n/utils:build: [32m✔[39m Build complete in [32m2848ms[39m
@n8n/composables:build: cache hit, replaying logs 259d46a5351a7b3a
@n8n/composables:build: 
@n8n/composables:build: > @n8n/composables@1.17.0 build C:\Users\Acer\n8n-Docker\packages\frontend\@n8n\composables
@n8n/composables:build: > tsdown
@n8n/composables:build: 
@n8n/composables:build: [34mℹ[39m tsdown [2mv0.16.5[22m powered by rolldown [2mv1.0.0-beta.50[22m
@n8n/composables:build: [34mℹ[39m Using tsdown config: [4mC:\Users\Acer\n8n-Docker\packages\frontend\@n8n\composables\tsdown.config.ts[24m
@n8n/composables:build: [34mℹ[39m entry: [34msrc\structuralComputed.ts, src\useDeviceSupport.ts, src\useDocumentTitle.ts, src\useShortKeyPress.ts, src\useThrottleWithReactiveDelay.ts[39m
@n8n/composables:build: [34mℹ[39m tsconfig: [34mtsconfig.json[39m
@n8n/composables:build: [34mℹ[39m Build start
@n8n/composables:build: [34mℹ[39m Cleaning 31 files
@n8n/composables:build: [34mℹ[39m [33m[CJS][39m [2mdist\[22m[1museDeviceSupport.cjs[22m                  [2m1.76 kB[22m [2m│ gzip: 0.70 kB[22m
@n8n/composables:build: [34mℹ[39m [33m[CJS][39m [2mdist\[22m[1mstructuralComputed.cjs[22m                [2m1.22 kB[22m [2m│ gzip: 0.64 kB[22m
@n8n/composables:build: [34mℹ[39m [33m[CJS][39m [2mdist\[22m[1museDocumentTitle.cjs[22m                  [2m1.22 kB[22m [2m│ gzip: 0.59 kB[22m
@n8n/composables:build: [34mℹ[39m [33m[CJS][39m [2mdist\[22m[1museShortKeyPress.cjs[22m                  [2m0.64 kB[22m [2m│ gzip: 0.33 kB[22m
@n8n/composables:build: [34mℹ[39m [33m[CJS][39m [2mdist\[22m[1museThrottleWithReactiveDelay.cjs[22m      [2m0.61 kB[22m [2m│ gzip: 0.33 kB[22m
@n8n/composables:build: [34mℹ[39m [33m[CJS][39m [2mdist\[22museDocumentTitle.cjs.map              [2m2.72 kB[22m [2m│ gzip: 1.15 kB[22m
@n8n/composables:build: [34mℹ[39m [33m[CJS][39m [2mdist\[22museDeviceSupport.cjs.map              [2m2.67 kB[22m [2m│ gzip: 1.08 kB[22m
@n8n/composables:build: [34mℹ[39m [33m[CJS][39m [2mdist\[22mstructuralComputed.cjs.map            [2m1.64 kB[22m [2m│ gzip: 0.83 kB[22m
@n8n/composables:build: [34mℹ[39m [33m[CJS][39m [2mdist\[22museShortKeyPress.cjs.map              [2m1.34 kB[22m [2m│ gzip: 0.64 kB[22m
@n8n/composables:build: [34mℹ[39m [33m[CJS][39m [2mdist\[22museThrottleWithReactiveDelay.cjs.map  [2m0.93 kB[22m [2m│ gzip: 0.49 kB[22m
@n8n/composables:build: [34mℹ[39m [33m[CJS][39m 10 files, total: 14.75 kB
@n8n/composables:build: [34mℹ[39m [34m[ESM][39m [2mdist\[22m[1museDeviceSupport.mjs[22m                  [2m1.68 kB[22m [2m│ gzip: 0.69 kB[22m
@n8n/composables:build: [34mℹ[39m [34m[ESM][39m [2mdist\[22m[1mstructuralComputed.mjs[22m                [2m1.20 kB[22m [2m│ gzip: 0.63 kB[22m
@n8n/composables:build: [34mℹ[39m [34m[ESM][39m [2mdist\[22m[1museDocumentTitle.mjs[22m                  [2m1.19 kB[22m [2m│ gzip: 0.57 kB[22m
@n8n/composables:build: [34mℹ[39m [34m[ESM][39m [2mdist\[22m[1museShortKeyPress.mjs[22m                  [2m0.57 kB[22m [2m│ gzip: 0.32 kB[22m
@n8n/composables:build: [34mℹ[39m [34m[ESM][39m [2mdist\[22m[1museThrottleWithReactiveDelay.mjs[22m      [2m0.56 kB[22m [2m│ gzip: 0.31 kB[22m
@n8n/composables:build: [34mℹ[39m [34m[ESM][39m [2mdist\[22museDocumentTitle.mjs.map              [2m2.72 kB[22m [2m│ gzip: 1.15 kB[22m
@n8n/composables:build: [34mℹ[39m [34m[ESM][39m [2mdist\[22museDeviceSupport.mjs.map              [2m2.71 kB[22m [2m│ gzip: 1.07 kB[22m
@n8n/composables:build: [34mℹ[39m [34m[ESM][39m [2mdist\[22mstructuralComputed.mjs.map            [2m1.64 kB[22m [2m│ gzip: 0.83 kB[22m
@n8n/composables:build: [34mℹ[39m [34m[ESM][39m [2mdist\[22museShortKeyPress.mjs.map              [2m1.35 kB[22m [2m│ gzip: 0.64 kB[22m
@n8n/composables:build: [34mℹ[39m [34m[ESM][39m [2mdist\[22museThrottleWithReactiveDelay.mjs.map  [2m0.94 kB[22m [2m│ gzip: 0.48 kB[22m
@n8n/composables:build: [34mℹ[39m [34m[ESM][39m [2mdist\[22m[32m[1museDocumentTitle.d.mts[22m[39m                [2m0.67 kB[22m [2m│ gzip: 0.35 kB[22m
@n8n/composables:build: [34mℹ[39m [34m[ESM][39m [2mdist\[22m[32m[1museDeviceSupport.d.mts[22m[39m                [2m0.47 kB[22m [2m│ gzip: 0.29 kB[22m
@n8n/composables:build: [34mℹ[39m [34m[ESM][39m [2mdist\[22m[32m[1museShortKeyPress.d.mts[22m[39m                [2m0.41 kB[22m [2m│ gzip: 0.25 kB[22m
@n8n/composables:build: [34mℹ[39m [34m[ESM][39m [2mdist\[22m[32m[1museThrottleWithReactiveDelay.d.mts[22m[39m    [2m0.30 kB[22m [2m│ gzip: 0.19 kB[22m
@n8n/composables:build: [34mℹ[39m [34m[ESM][39m [2mdist\[22m[32m[1mstructuralComputed.d.mts[22m[39m              [2m0.28 kB[22m [2m│ gzip: 0.19 kB[22m
@n8n/composables:build: [34mℹ[39m [34m[ESM][39m 15 files, total: 16.70 kB
@n8n/composables:build: [34mℹ[39m [33m[CJS][39m [2mdist\[22m[32m[1museDocumentTitle.d.cts[22m[39m              [2m0.67 kB[22m [2m│ gzip: 0.35 kB[22m
@n8n/composables:build: [34mℹ[39m [33m[CJS][39m [2mdist\[22m[32m[1museDeviceSupport.d.cts[22m[39m              [2m0.47 kB[22m [2m│ gzip: 0.29 kB[22m
@n8n/composables:build: [34mℹ[39m [33m[CJS][39m [2mdist\[22m[32m[1museShortKeyPress.d.cts[22m[39m              [2m0.41 kB[22m [2m│ gzip: 0.25 kB[22m
@n8n/composables:build: [34mℹ[39m [33m[CJS][39m [2mdist\[22m[32m[1museThrottleWithReactiveDelay.d.cts[22m[39m  [2m0.30 kB[22m [2m│ gzip: 0.19 kB[22m
@n8n/composables:build: [34mℹ[39m [33m[CJS][39m [2mdist\[22m[32m[1mstructuralComputed.d.cts[22m[39m            [2m0.28 kB[22m [2m│ gzip: 0.19 kB[22m
@n8n/composables:build: [34mℹ[39m [33m[CJS][39m 5 files, total: 2.13 kB
@n8n/composables:build: [32m✔[39m Build complete in [32m3585ms[39m
@n8n/design-system:build: cache hit, replaying logs e36ee922cc36ed9b
@n8n/design-system:build: 
@n8n/design-system:build: > @n8n/design-system@2.23.0 build C:\Users\Acer\n8n-Docker\packages\frontend\@n8n\design-system
@n8n/design-system:build: > vite build
@n8n/design-system:build: 
@n8n/design-system:build: [36mvite v8.0.2 [32mbuilding client environment for production...[36m[39m
@n8n/design-system:build: [2K@n8n/design-system:build: transforming...✓ 3018 modules transformed.
@n8n/design-system:build: rendering chunks...
@n8n/design-system:build: [33m[lightningcss minify] 'global' is not recognized as a valid pseudo-class. Did you mean '::global' (pseudo-element) or is this a typo?
@n8n/design-system:build: 511 |   */
@n8n/design-system:build: 512 |  /** @deprecated Use a semantic variant instead of success color */
@n8n/design-system:build: 513 |  :global(.n8n-button--success) {
@n8n/design-system:build:     |          ^
@n8n/design-system:build: 514 |    --button--color--background: var(--color--success);
@n8n/design-system:build: 515 |    --button--color--background-hover: var(--color--success--shade-1);[39m
@n8n/design-system:build: [33m[lightningcss minify] 'global' is not recognized as a valid pseudo-class. Did you mean '::global' (pseudo-element) or is this a typo?
@n8n/design-system:build: 520 |    --button--shadow--active: 0 0 0 1px var(--color--success--shade-1);
@n8n/design-system:build: 521 |  }
@n8n/design-system:build: 522 |  :global(.n8n-button--success):disabled, :global(.n8n-button--success)[aria-disabled=true] {
@n8n/design-system:build:     |          ^
@n8n/design-system:build: 523 |    --button--color--background: var(--color--success--tint-3);
@n8n/design-system:build: 524 |    --button--shadow: 0 0 0 1px var(--color--success--tint-3);[39m
@n8n/design-system:build: [33m[lightningcss minify] 'global' is not recognized as a valid pseudo-class. Did you mean '::global' (pseudo-element) or is this a typo?
@n8n/design-system:build: 520 |    --button--shadow--active: 0 0 0 1px var(--color--success--shade-1);
@n8n/design-system:build: 521 |  }
@n8n/design-system:build: 522 |  :global(.n8n-button--success):disabled, :global(.n8n-button--success)[aria-disabled=true] {
@n8n/design-system:build:     |                                                  ^
@n8n/design-system:build: 523 |    --button--color--background: var(--color--success--tint-3);
@n8n/design-system:build: 524 |    --button--shadow: 0 0 0 1px var(--color--success--tint-3);[39m
@n8n/design-system:build: [33m[lightningcss minify] 'global' is not recognized as a valid pseudo-class. Did you mean '::global' (pseudo-element) or is this a typo?
@n8n/design-system:build: 526 |  
@n8n/design-system:build: 527 |  /** @deprecated Use a semantic variant instead of warning color */
@n8n/design-system:build: 528 |  :global(.n8n-button--warning) {
@n8n/design-system:build:     |          ^
@n8n/design-system:build: 529 |    --button--color--background: var(--color--warning);
@n8n/design-system:build: 530 |    --button--color--background-hover: var(--color--warning--shade-1);[39m
@n8n/design-system:build: [33m[lightningcss minify] 'global' is not recognized as a valid pseudo-class. Did you mean '::global' (pseudo-element) or is this a typo?
@n8n/design-system:build: 535 |    --button--shadow--active: 0 0 0 1px var(--color--warning--shade-1);
@n8n/design-system:build: 536 |  }
@n8n/design-system:build: 537 |  :global(.n8n-button--warning):disabled, :global(.n8n-button--warning)[aria-disabled=true] {
@n8n/design-system:build:     |          ^
@n8n/design-system:build: 538 |    --button--color--background: var(--color--warning--tint-1);
@n8n/design-system:build: 539 |    --button--shadow: 0 0 0 1px var(--color--warning--tint-1);[39m
@n8n/design-system:build: [33m[lightningcss minify] 'global' is not recognized as a valid pseudo-class. Did you mean '::global' (pseudo-element) or is this a typo?
@n8n/design-system:build: 535 |    --button--shadow--active: 0 0 0 1px var(--color--warning--shade-1);
@n8n/design-system:build: 536 |  }
@n8n/design-system:build: 537 |  :global(.n8n-button--warning):disabled, :global(.n8n-button--warning)[aria-disabled=true] {
@n8n/design-system:build:     |                                                  ^
@n8n/design-system:build: 538 |    --button--color--background: var(--color--warning--tint-1);
@n8n/design-system:build: 539 |    --button--shadow: 0 0 0 1px var(--color--warning--tint-1);[39m
@n8n/design-system:build: computing gzip size...
@n8n/design-system:build: dist/design-system.css          238.95 kB │ gzip:  32.77 kB
@n8n/design-system:build: dist/en-CddpS_8k.js               0.06 kB │ gzip:   0.08 kB
@n8n/design-system:build: dist/en-cusRXFgs.js               7.45 kB │ gzip:   2.38 kB
@n8n/design-system:build: dist/node-icons-VCyExEKH.js      50.40 kB │ gzip:   8.42 kB
@n8n/design-system:build: dist/compact-Q0gG5s1Q.js        660.36 kB │ gzip:  87.46 kB
@n8n/design-system:build: dist/n8n-design-system.es.js  2,442.84 kB │ gzip: 648.09 kB
@n8n/design-system:build: 
@n8n/design-system:build: [33m[33m[PLUGIN_TIMINGS] Warning:[0m Your build spent significant time in plugins. Here is a breakdown:
@n8n/design-system:build:   - unplugin-icons (53%)
@n8n/design-system:build:   - svg-loader (27%)
@n8n/design-system:build:   - vite:vue (14%)
@n8n/design-system:build:   - vite:css (5%)
@n8n/design-system:build: See https://rolldown.rs/options/checks#plugintimings for more details.
@n8n/design-system:build: [39m
@n8n/design-system:build: [2K@n8n/design-system:build: transforming...✓ 3018 modules transformed.
@n8n/design-system:build: rendering chunks...
@n8n/design-system:build: [33m[lightningcss minify] 'global' is not recognized as a valid pseudo-class. Did you mean '::global' (pseudo-element) or is this a typo?
@n8n/design-system:build: 511 |   */
@n8n/design-system:build: 512 |  /** @deprecated Use a semantic variant instead of success color */
@n8n/design-system:build: 513 |  :global(.n8n-button--success) {
@n8n/design-system:build:     |          ^
@n8n/design-system:build: 514 |    --button--color--background: var(--color--success);
@n8n/design-system:build: 515 |    --button--color--background-hover: var(--color--success--shade-1);[39m
@n8n/design-system:build: [33m[lightningcss minify] 'global' is not recognized as a valid pseudo-class. Did you mean '::global' (pseudo-element) or is this a typo?
@n8n/design-system:build: 520 |    --button--shadow--active: 0 0 0 1px var(--color--success--shade-1);
@n8n/design-system:build: 521 |  }
@n8n/design-system:build: 522 |  :global(.n8n-button--success):disabled, :global(.n8n-button--success)[aria-disabled=true] {
@n8n/design-system:build:     |          ^
@n8n/design-system:build: 523 |    --button--color--background: var(--color--success--tint-3);
@n8n/design-system:build: 524 |    --button--shadow: 0 0 0 1px var(--color--success--tint-3);[39m
@n8n/design-system:build: [33m[lightningcss minify] 'global' is not recognized as a valid pseudo-class. Did you mean '::global' (pseudo-element) or is this a typo?
@n8n/design-system:build: 520 |    --button--shadow--active: 0 0 0 1px var(--color--success--shade-1);
@n8n/design-system:build: 521 |  }
@n8n/design-system:build: 522 |  :global(.n8n-button--success):disabled, :global(.n8n-button--success)[aria-disabled=true] {
@n8n/design-system:build:     |                                                  ^
@n8n/design-system:build: 523 |    --button--color--background: var(--color--success--tint-3);
@n8n/design-system:build: 524 |    --button--shadow: 0 0 0 1px var(--color--success--tint-3);[39m
@n8n/design-system:build: [33m[lightningcss minify] 'global' is not recognized as a valid pseudo-class. Did you mean '::global' (pseudo-element) or is this a typo?
@n8n/design-system:build: 526 |  
@n8n/design-system:build: 527 |  /** @deprecated Use a semantic variant instead of warning color */
@n8n/design-system:build: 528 |  :global(.n8n-button--warning) {
@n8n/design-system:build:     |          ^
@n8n/design-system:build: 529 |    --button--color--background: var(--color--warning);
@n8n/design-system:build: 530 |    --button--color--background-hover: var(--color--warning--shade-1);[39m
@n8n/design-system:build: [33m[lightningcss minify] 'global' is not recognized as a valid pseudo-class. Did you mean '::global' (pseudo-element) or is this a typo?
@n8n/design-system:build: 535 |    --button--shadow--active: 0 0 0 1px var(--color--warning--shade-1);
@n8n/design-system:build: 536 |  }
@n8n/design-system:build: 537 |  :global(.n8n-button--warning):disabled, :global(.n8n-button--warning)[aria-disabled=true] {
@n8n/design-system:build:     |          ^
@n8n/design-system:build: 538 |    --button--color--background: var(--color--warning--tint-1);
@n8n/design-system:build: 539 |    --button--shadow: 0 0 0 1px var(--color--warning--tint-1);[39m
@n8n/design-system:build: [33m[lightningcss minify] 'global' is not recognized as a valid pseudo-class. Did you mean '::global' (pseudo-element) or is this a typo?
@n8n/design-system:build: 535 |    --button--shadow--active: 0 0 0 1px var(--color--warning--shade-1);
@n8n/design-system:build: 536 |  }
@n8n/design-system:build: 537 |  :global(.n8n-button--warning):disabled, :global(.n8n-button--warning)[aria-disabled=true] {
@n8n/design-system:build:     |                                                  ^
@n8n/design-system:build: 538 |    --button--color--background: var(--color--warning--tint-1);
@n8n/design-system:build: 539 |    --button--shadow: 0 0 0 1px var(--color--warning--tint-1);[39m
@n8n/design-system:build: computing gzip size...
@n8n/design-system:build: dist/design-system.css           238.95 kB │ gzip:  32.77 kB
@n8n/design-system:build: dist/n8n-design-system.umd.js  2,679.98 kB │ gzip: 684.98 kB
@n8n/design-system:build: 
@n8n/design-system:build: [32m✓ built in 16.61s[39m
@n8n/mcp-apps:build: cache hit, replaying logs 4ac5e412f7dd5507
@n8n/mcp-apps:build: 
@n8n/mcp-apps:build: > @n8n/mcp-apps@0.1.0 build C:\Users\Acer\n8n-Docker\packages\@n8n\mcp-apps
@n8n/mcp-apps:build: > pnpm build:ui && pnpm build:server
@n8n/mcp-apps:build: 
@n8n/mcp-apps:build: 
@n8n/mcp-apps:build: > @n8n/mcp-apps@0.1.0 build:ui C:\Users\Acer\n8n-Docker\packages\@n8n\mcp-apps
@n8n/mcp-apps:build: > vite build --mode workflow-preview
@n8n/mcp-apps:build: 
@n8n/mcp-apps:build: [36mvite v8.0.2 [32mbuilding client environment for workflow-preview...[36m[39m
@n8n/mcp-apps:build: [2K@n8n/mcp-apps:build: transforming...✓ 3163 modules transformed.
@n8n/mcp-apps:build: rendering chunks...
@n8n/mcp-apps:build: [33m[lightningcss minify] 'global' is not recognized as a valid pseudo-class. Did you mean '::global' (pseudo-element) or is this a typo?
@n8n/mcp-apps:build: 235 |   */
@n8n/mcp-apps:build: 236 |  /** @deprecated Use a semantic variant instead of success color */
@n8n/mcp-apps:build: 237 |  :global(.n8n-button--success) {
@n8n/mcp-apps:build:     |          ^
@n8n/mcp-apps:build: 238 |    --button--color--background: var(--color--success);
@n8n/mcp-apps:build: 239 |    --button--color--background-hover: var(--color--success--shade-1);[39m
@n8n/mcp-apps:build: [33m[lightningcss minify] 'global' is not recognized as a valid pseudo-class. Did you mean '::global' (pseudo-element) or is this a typo?
@n8n/mcp-apps:build: 244 |    --button--shadow--active: 0 0 0 1px var(--color--success--shade-1);
@n8n/mcp-apps:build: 245 |  }
@n8n/mcp-apps:build: 246 |  :global(.n8n-button--success):disabled, :global(.n8n-button--success)[aria-disabled=true] {
@n8n/mcp-apps:build:     |          ^
@n8n/mcp-apps:build: 247 |    --button--color--background: var(--color--success--tint-3);
@n8n/mcp-apps:build: 248 |    --button--shadow: 0 0 0 1px var(--color--success--tint-3);[39m
@n8n/mcp-apps:build: [33m[lightningcss minify] 'global' is not recognized as a valid pseudo-class. Did you mean '::global' (pseudo-element) or is this a typo?
@n8n/mcp-apps:build: 244 |    --button--shadow--active: 0 0 0 1px var(--color--success--shade-1);
@n8n/mcp-apps:build: 245 |  }
@n8n/mcp-apps:build: 246 |  :global(.n8n-button--success):disabled, :global(.n8n-button--success)[aria-disabled=true] {
@n8n/mcp-apps:build:     |                                                  ^
@n8n/mcp-apps:build: 247 |    --button--color--background: var(--color--success--tint-3);
@n8n/mcp-apps:build: 248 |    --button--shadow: 0 0 0 1px var(--color--success--tint-3);[39m
@n8n/mcp-apps:build: [33m[lightningcss minify] 'global' is not recognized as a valid pseudo-class. Did you mean '::global' (pseudo-element) or is this a typo?
@n8n/mcp-apps:build: 250 |  
@n8n/mcp-apps:build: 251 |  /** @deprecated Use a semantic variant instead of warning color */
@n8n/mcp-apps:build: 252 |  :global(.n8n-button--warning) {
@n8n/mcp-apps:build:     |          ^
@n8n/mcp-apps:build: 253 |    --button--color--background: var(--color--warning);
@n8n/mcp-apps:build: 254 |    --button--color--background-hover: var(--color--warning--shade-1);[39m
@n8n/mcp-apps:build: [plugin vite:singlefile] 
@n8n/mcp-apps:build: 
@n8n/mcp-apps:build: [33m[lightningcss minify] 'global' is not recognized as a valid pseudo-class. Did you mean '::global' (pseudo-element) or is this a typo?
@n8n/mcp-apps:build: 259 |    --button--shadow--active: 0 0 0 1px var(--color--warning--shade-1);
@n8n/mcp-apps:build: 260 |  }
@n8n/mcp-apps:build: [plugin vite:singlefile] Inlining: index-BZi2cclL.js
@n8n/mcp-apps:build: [plugin vite:singlefile] Inlining: style-DbtDcDkx.css
@n8n/mcp-apps:build: 261 |  :global(.n8n-button--warning):disabled, :global(.n8n-button--warning)[aria-disabled=true] {
@n8n/mcp-apps:build:     |          ^
@n8n/mcp-apps:build: 262 |    --button--color--background: var(--color--warning--tint-1);
@n8n/mcp-apps:build: 263 |    --button--shadow: 0 0 0 1px var(--color--warning--tint-1);[39m
@n8n/mcp-apps:build: [33m[lightningcss minify] 'global' is not recognized as a valid pseudo-class. Did you mean '::global' (pseudo-element) or is this a typo?
@n8n/mcp-apps:build: 259 |    --button--shadow--active: 0 0 0 1px var(--color--warning--shade-1);
@n8n/mcp-apps:build: 260 |  }
@n8n/mcp-apps:build: 261 |  :global(.n8n-button--warning):disabled, :global(.n8n-button--warning)[aria-disabled=true] {
@n8n/mcp-apps:build:     |                                                  ^
@n8n/mcp-apps:build: 262 |    --button--color--background: var(--color--warning--tint-1);
@n8n/mcp-apps:build: 263 |    --button--shadow: 0 0 0 1px var(--color--warning--tint-1);[39m
@n8n/mcp-apps:build: computing gzip size...
@n8n/mcp-apps:build: dist/apps/index.html  1,978.14 kB │ gzip: 785.05 kB
@n8n/mcp-apps:build: 
@n8n/mcp-apps:build: [32m✓ built in 14.04s[39m
@n8n/mcp-apps:build: 
@n8n/mcp-apps:build: > @n8n/mcp-apps@0.1.0 build:server C:\Users\Acer\n8n-Docker\packages\@n8n\mcp-apps
@n8n/mcp-apps:build: > tsc -p tsconfig.build.json
@n8n/mcp-apps:build: 
@n8n/chat:build: cache hit, replaying logs d3967c9e52b711f8
@n8n/chat:build: 
@n8n/chat:build: > @n8n/chat@1.23.0 build C:\Users\Acer\n8n-Docker\packages\frontend\@n8n\chat
@n8n/chat:build: > pnpm build:vite && pnpm build:bundle
@n8n/chat:build: 
@n8n/chat:build: 
@n8n/chat:build: > @n8n/chat@1.23.0 build:vite C:\Users\Acer\n8n-Docker\packages\frontend\@n8n\chat
@n8n/chat:build: > cross-env vite build
@n8n/chat:build: 
@n8n/chat:build: [36mvite v8.0.2 [32mbuilding client environment for production...[36m[39m
@n8n/chat:build: [2K@n8n/chat:build: transforming...✓ 3131 modules transformed.
@n8n/chat:build: rendering chunks...
@n8n/chat:build: [33m[lightningcss minify] 'global' is not recognized as a valid pseudo-class. Did you mean '::global' (pseudo-element) or is this a typo?
@n8n/chat:build: 1245 |   */
@n8n/chat:build: 1246 |  /** @deprecated Use a semantic variant instead of success color */
@n8n/chat:build: 1247 |  :global(.n8n-button--success) {
@n8n/chat:build:      |          ^
@n8n/chat:build: 1248 |    --button--color--background: var(--color--success);
@n8n/chat:build: 1249 |    --button--color--background-hover: var(--color--success--shade-1);[39m
@n8n/chat:build: [33m[lightningcss minify] 'global' is not recognized as a valid pseudo-class. Did you mean '::global' (pseudo-element) or is this a typo?
@n8n/chat:build: 1254 |    --button--shadow--active: 0 0 0 1px var(--color--success--shade-1);
@n8n/chat:build: 1255 |  }
@n8n/chat:build: 1256 |  :global(.n8n-button--success):disabled, :global(.n8n-button--success)[aria-disabled=true] {
@n8n/chat:build:      |          ^
@n8n/chat:build: 1257 |    --button--color--background: var(--color--success--tint-3);
@n8n/chat:build: 1258 |    --button--shadow: 0 0 0 1px var(--color--success--tint-3);[39m
@n8n/chat:build: [33m[lightningcss minify] 'global' is not recognized as a valid pseudo-class. Did you mean '::global' (pseudo-element) or is this a typo?
@n8n/chat:build: 1254 |    --button--shadow--active: 0 0 0 1px var(--color--success--shade-1);
@n8n/chat:build: 1255 |  }
@n8n/chat:build: 1256 |  :global(.n8n-button--success):disabled, :global(.n8n-button--success)[aria-disabled=true] {
@n8n/chat:build:      |                                                  ^
@n8n/chat:build: 1257 |    --button--color--background: var(--color--success--tint-3);
@n8n/chat:build: 1258 |    --button--shadow: 0 0 0 1px var(--color--success--tint-3);[39m
@n8n/chat:build: [33m[lightningcss minify] 'global' is not recognized as a valid pseudo-class. Did you mean '::global' (pseudo-element) or is this a typo?
@n8n/chat:build: 1260 |  
@n8n/chat:build: 1261 |  /** @deprecated Use a semantic variant instead of warning color */
@n8n/chat:build: 1262 |  :global(.n8n-button--warning) {
@n8n/chat:build:      |          ^
@n8n/chat:build: 1263 |    --button--color--background: var(--color--warning);
@n8n/chat:build: 1264 |    --button--color--background-hover: var(--color--warning--shade-1);[39m
@n8n/chat:build: [33m[lightningcss minify] 'global' is not recognized as a valid pseudo-class. Did you mean '::global' (pseudo-element) or is this a typo?
@n8n/chat:build: 1269 |    --button--shadow--active: 0 0 0 1px var(--color--warning--shade-1);
@n8n/chat:build: 1270 |  }
@n8n/chat:build: 1271 |  :global(.n8n-button--warning):disabled, :global(.n8n-button--warning)[aria-disabled=true] {
@n8n/chat:build:      |          ^
@n8n/chat:build: 1272 |    --button--color--background: var(--color--warning--tint-1);
@n8n/chat:build: 1273 |    --button--shadow: 0 0 0 1px var(--color--warning--tint-1);[39m
@n8n/chat:build: [33m[lightningcss minify] 'global' is not recognized as a valid pseudo-class. Did you mean '::global' (pseudo-element) or is this a typo?
@n8n/chat:build: 1269 |    --button--shadow--active: 0 0 0 1px var(--color--warning--shade-1);
@n8n/chat:build: 1270 |  }
@n8n/chat:build: 1271 |  :global(.n8n-button--warning):disabled, :global(.n8n-button--warning)[aria-disabled=true] {
@n8n/chat:build:      |                                                  ^
@n8n/chat:build: 1272 |    --button--color--background: var(--color--warning--tint-1);
@n8n/chat:build: 1273 |    --button--shadow: 0 0 0 1px var(--color--warning--tint-1);[39m
@n8n/chat:build: 
@n8n/chat:build: [vite:dts] Start generate declaration files...
@n8n/chat:build: [vite:dts] Declaration files built in 50846ms.
@n8n/chat:build: 
@n8n/chat:build: computing gzip size...
@n8n/chat:build: dist/chat.css                    75.36 kB │ gzip:  11.79 kB
@n8n/chat:build: dist/node-icons-DDGCDo-0.mjs     65.71 kB │ gzip:  10.91 kB
@n8n/chat:build: dist/chat.es.js               1,727.06 kB │ gzip: 481.35 kB
@n8n/chat:build: 
@n8n/chat:build: [33m[33m[INEFFECTIVE_DYNAMIC_IMPORT] Warning:[0m ../design-system/src/locale/lang/en.ts is dynamically imported by ../design-system/src/locale/index.ts but also statically imported by ../design-system/src/locale/index.ts, dynamic import will not move module into another chunk.
@n8n/chat:build: [39m
@n8n/chat:build: [33m[33m[PLUGIN_TIMINGS] Warning:[0m Your build spent significant time in plugins. Here is a breakdown:
@n8n/chat:build:   - unplugin-icons (65%)
@n8n/chat:build:   - vite:vue (13%)
@n8n/chat:build:   - vite:dts (12%)
@n8n/chat:build:   - vite:css (5%)
@n8n/chat:build: See https://rolldown.rs/options/checks#plugintimings for more details.
@n8n/chat:build: [39m
@n8n/chat:build: [2K@n8n/chat:build: transforming...✓ 3131 modules transformed.
@n8n/chat:build: rendering chunks...
@n8n/chat:build: [33m[lightningcss minify] 'global' is not recognized as a valid pseudo-class. Did you mean '::global' (pseudo-element) or is this a typo?
@n8n/chat:build: 1245 |   */
@n8n/chat:build: 1246 |  /** @deprecated Use a semantic variant instead of success color */
@n8n/chat:build: 1247 |  :global(.n8n-button--success) {
@n8n/chat:build:      |          ^
@n8n/chat:build: 1248 |    --button--color--background: var(--color--success);
@n8n/chat:build: 1249 |    --button--color--background-hover: var(--color--success--shade-1);[39m
@n8n/chat:build: [33m[lightningcss minify] 'global' is not recognized as a valid pseudo-class. Did you mean '::global' (pseudo-element) or is this a typo?
@n8n/chat:build: 1254 |    --button--shadow--active: 0 0 0 1px var(--color--success--shade-1);
@n8n/chat:build: 1255 |  }
@n8n/chat:build: 1256 |  :global(.n8n-button--success):disabled, :global(.n8n-button--success)[aria-disabled=true] {
@n8n/chat:build:      |          ^
@n8n/chat:build: 1257 |    --button--color--background: var(--color--success--tint-3);
@n8n/chat:build: 1258 |    --button--shadow: 0 0 0 1px var(--color--success--tint-3);[39m
@n8n/chat:build: [33m[lightningcss minify] 'global' is not recognized as a valid pseudo-class. Did you mean '::global' (pseudo-element) or is this a typo?
@n8n/chat:build: 1254 |    --button--shadow--active: 0 0 0 1px var(--color--success--shade-1);
@n8n/chat:build: 1255 |  }
@n8n/chat:build: 1256 |  :global(.n8n-button--success):disabled, :global(.n8n-button--success)[aria-disabled=true] {
@n8n/chat:build:      |                                                  ^
@n8n/chat:build: 1257 |    --button--color--background: var(--color--success--tint-3);
@n8n/chat:build: 1258 |    --button--shadow: 0 0 0 1px var(--color--success--tint-3);[39m
@n8n/chat:build: [33m[lightningcss minify] 'global' is not recognized as a valid pseudo-class. Did you mean '::global' (pseudo-element) or is this a typo?
@n8n/chat:build: 1260 |  
@n8n/chat:build: 1261 |  /** @deprecated Use a semantic variant instead of warning color */
@n8n/chat:build: 1262 |  :global(.n8n-button--warning) {
@n8n/chat:build:      |          ^
@n8n/chat:build: 1263 |    --button--color--background: var(--color--warning);
@n8n/chat:build: 1264 |    --button--color--background-hover: var(--color--warning--shade-1);[39m
@n8n/chat:build: [33m[lightningcss minify] 'global' is not recognized as a valid pseudo-class. Did you mean '::global' (pseudo-element) or is this a typo?
@n8n/chat:build: 1269 |    --button--shadow--active: 0 0 0 1px var(--color--warning--shade-1);
@n8n/chat:build: 1270 |  }
@n8n/chat:build: 1271 |  :global(.n8n-button--warning):disabled, :global(.n8n-button--warning)[aria-disabled=true] {
@n8n/chat:build:      |          ^
@n8n/chat:build: 1272 |    --button--color--background: var(--color--warning--tint-1);
@n8n/chat:build: 1273 |    --button--shadow: 0 0 0 1px var(--color--warning--tint-1);[39m
@n8n/chat:build: [33m[lightningcss minify] 'global' is not recognized as a valid pseudo-class. Did you mean '::global' (pseudo-element) or is this a typo?
@n8n/chat:build: 1269 |    --button--shadow--active: 0 0 0 1px var(--color--warning--shade-1);
@n8n/chat:build: 1270 |  }
@n8n/chat:build: 1271 |  :global(.n8n-button--warning):disabled, :global(.n8n-button--warning)[aria-disabled=true] {
@n8n/chat:build:      |                                                  ^
@n8n/chat:build: 1272 |    --button--color--background: var(--color--warning--tint-1);
@n8n/chat:build: 1273 |    --button--shadow: 0 0 0 1px var(--color--warning--tint-1);[39m
@n8n/chat:build: computing gzip size...
@n8n/chat:build: dist/chat.css        75.36 kB │ gzip:  11.79 kB
@n8n/chat:build: dist/chat.umd.js  1,469.62 kB │ gzip: 449.33 kB
@n8n/chat:build: 
@n8n/chat:build: [32m✓ built in 1m 2s[39m
@n8n/chat:build: 
@n8n/chat:build: > @n8n/chat@1.23.0 build:bundle C:\Users\Acer\n8n-Docker\packages\frontend\@n8n\chat
@n8n/chat:build: > cross-env INCLUDE_VUE=true vite build
@n8n/chat:build: 
@n8n/chat:build: [36mvite v8.0.2 [32mbuilding client environment for production...[36m[39m
@n8n/chat:build: [2K@n8n/chat:build: transforming...✓ 3134 modules transformed.
@n8n/chat:build: rendering chunks...
@n8n/chat:build: [33m[lightningcss minify] 'global' is not recognized as a valid pseudo-class. Did you mean '::global' (pseudo-element) or is this a typo?
@n8n/chat:build: 1245 |   */
@n8n/chat:build: 1246 |  /** @deprecated Use a semantic variant instead of success color */
@n8n/chat:build: 1247 |  :global(.n8n-button--success) {
@n8n/chat:build:      |          ^
@n8n/chat:build: 1248 |    --button--color--background: var(--color--success);
@n8n/chat:build: 1249 |    --button--color--background-hover: var(--color--success--shade-1);[39m
@n8n/chat:build: [33m[lightningcss minify] 'global' is not recognized as a valid pseudo-class. Did you mean '::global' (pseudo-element) or is this a typo?
@n8n/chat:build: 1254 |    --button--shadow--active: 0 0 0 1px var(--color--success--shade-1);
@n8n/chat:build: 1255 |  }
@n8n/chat:build: 1256 |  :global(.n8n-button--success):disabled, :global(.n8n-button--success)[aria-disabled=true] {
@n8n/chat:build:      |          ^
@n8n/chat:build: 1257 |    --button--color--background: var(--color--success--tint-3);
@n8n/chat:build: 1258 |    --button--shadow: 0 0 0 1px var(--color--success--tint-3);[39m
@n8n/chat:build: [33m[lightningcss minify] 'global' is not recognized as a valid pseudo-class. Did you mean '::global' (pseudo-element) or is this a typo?
@n8n/chat:build: 1254 |    --button--shadow--active: 0 0 0 1px var(--color--success--shade-1);
@n8n/chat:build: 1255 |  }
@n8n/chat:build: 1256 |  :global(.n8n-button--success):disabled, :global(.n8n-button--success)[aria-disabled=true] {
@n8n/chat:build:      |                                                  ^
@n8n/chat:build: 1257 |    --button--color--background: var(--color--success--tint-3);
@n8n/chat:build: 1258 |    --button--shadow: 0 0 0 1px var(--color--success--tint-3);[39m
@n8n/chat:build: [33m[lightningcss minify] 'global' is not recognized as a valid pseudo-class. Did you mean '::global' (pseudo-element) or is this a typo?
@n8n/chat:build: 1260 |  
@n8n/chat:build: 1261 |  /** @deprecated Use a semantic variant instead of warning color */
@n8n/chat:build: 1262 |  :global(.n8n-button--warning) {
@n8n/chat:build:      |          ^
@n8n/chat:build: 1263 |    --button--color--background: var(--color--warning);
@n8n/chat:build: 1264 |    --button--color--background-hover: var(--color--warning--shade-1);[39m
@n8n/chat:build: [33m[lightningcss minify] 'global' is not recognized as a valid pseudo-class. Did you mean '::global' (pseudo-element) or is this a typo?
@n8n/chat:build: 1269 |    --button--shadow--active: 0 0 0 1px var(--color--warning--shade-1);
@n8n/chat:build: 1270 |  }
@n8n/chat:build: 1271 |  :global(.n8n-button--warning):disabled, :global(.n8n-button--warning)[aria-disabled=true] {
@n8n/chat:build:      |          ^
@n8n/chat:build: 1272 |    --button--color--background: var(--color--warning--tint-1);
@n8n/chat:build: 1273 |    --button--shadow: 0 0 0 1px var(--color--warning--tint-1);[39m
@n8n/chat:build: [33m[lightningcss minify] 'global' is not recognized as a valid pseudo-class. Did you mean '::global' (pseudo-element) or is this a typo?
@n8n/chat:build: 1269 |    --button--shadow--active: 0 0 0 1px var(--color--warning--shade-1);
@n8n/chat:build: 1270 |  }
@n8n/chat:build: 1271 |  :global(.n8n-button--warning):disabled, :global(.n8n-button--warning)[aria-disabled=true] {
@n8n/chat:build:      |                                                  ^
@n8n/chat:build: 1272 |    --button--color--background: var(--color--warning--tint-1);
@n8n/chat:build: 1273 |    --button--shadow: 0 0 0 1px var(--color--warning--tint-1);[39m
@n8n/chat:build: 
@n8n/chat:build: [vite:dts] Start generate declaration files...
@n8n/chat:build: [vite:dts] Declaration files built in 32784ms.
@n8n/chat:build: 
@n8n/chat:build: computing gzip size...
@n8n/chat:build: dist/chat.css                    75.36 kB │ gzip:  11.79 kB
@n8n/chat:build: dist/node-icons-DDGCDo-0.mjs     65.71 kB │ gzip:  10.91 kB
@n8n/chat:build: dist/chat.bundle.es.js        1,844.51 kB │ gzip: 522.00 kB
@n8n/chat:build: 
@n8n/chat:build: [33m[33m[INEFFECTIVE_DYNAMIC_IMPORT] Warning:[0m ../design-system/src/locale/lang/en.ts is dynamically imported by ../design-system/src/locale/index.ts but also statically imported by ../design-system/src/locale/index.ts, dynamic import will not move module into another chunk.
@n8n/chat:build: [39m
@n8n/chat:build: [33m[33m[PLUGIN_TIMINGS] Warning:[0m Your build spent significant time in plugins. Here is a breakdown:
@n8n/chat:build:   - unplugin-icons (66%)
@n8n/chat:build:   - vite:vue (17%)
@n8n/chat:build:   - vite:css (8%)
@n8n/chat:build:   - vite:dts (7%)
@n8n/chat:build: See https://rolldown.rs/options/checks#plugintimings for more details.
@n8n/chat:build: [39m
@n8n/chat:build: [2K@n8n/chat:build: transforming...✓ 3134 modules transformed.
@n8n/chat:build: rendering chunks...
@n8n/chat:build: [33m[lightningcss minify] 'global' is not recognized as a valid pseudo-class. Did you mean '::global' (pseudo-element) or is this a typo?
@n8n/chat:build: 1245 |   */
@n8n/chat:build: 1246 |  /** @deprecated Use a semantic variant instead of success color */
@n8n/chat:build: 1247 |  :global(.n8n-button--success) {
@n8n/chat:build:      |          ^
@n8n/chat:build: 1248 |    --button--color--background: var(--color--success);
@n8n/chat:build: 1249 |    --button--color--background-hover: var(--color--success--shade-1);[39m
@n8n/chat:build: [33m[lightningcss minify] 'global' is not recognized as a valid pseudo-class. Did you mean '::global' (pseudo-element) or is this a typo?
@n8n/chat:build: 1254 |    --button--shadow--active: 0 0 0 1px var(--color--success--shade-1);
@n8n/chat:build: 1255 |  }
@n8n/chat:build: 1256 |  :global(.n8n-button--success):disabled, :global(.n8n-button--success)[aria-disabled=true] {
@n8n/chat:build:      |          ^
@n8n/chat:build: 1257 |    --button--color--background: var(--color--success--tint-3);
@n8n/chat:build: 1258 |    --button--shadow: 0 0 0 1px var(--color--success--tint-3);[39m
@n8n/chat:build: [33m[lightningcss minify] 'global' is not recognized as a valid pseudo-class. Did you mean '::global' (pseudo-element) or is this a typo?
@n8n/chat:build: 1254 |    --button--shadow--active: 0 0 0 1px var(--color--success--shade-1);
@n8n/chat:build: 1255 |  }
@n8n/chat:build: 1256 |  :global(.n8n-button--success):disabled, :global(.n8n-button--success)[aria-disabled=true] {
@n8n/chat:build:      |                                                  ^
@n8n/chat:build: 1257 |    --button--color--background: var(--color--success--tint-3);
@n8n/chat:build: 1258 |    --button--shadow: 0 0 0 1px var(--color--success--tint-3);[39m
@n8n/chat:build: [33m[lightningcss minify] 'global' is not recognized as a valid pseudo-class. Did you mean '::global' (pseudo-element) or is this a typo?
@n8n/chat:build: 1260 |  
@n8n/chat:build: 1261 |  /** @deprecated Use a semantic variant instead of warning color */
@n8n/chat:build: 1262 |  :global(.n8n-button--warning) {
@n8n/chat:build:      |          ^
@n8n/chat:build: 1263 |    --button--color--background: var(--color--warning);
@n8n/chat:build: 1264 |    --button--color--background-hover: var(--color--warning--shade-1);[39m
@n8n/chat:build: [33m[lightningcss minify] 'global' is not recognized as a valid pseudo-class. Did you mean '::global' (pseudo-element) or is this a typo?
@n8n/chat:build: 1269 |    --button--shadow--active: 0 0 0 1px var(--color--warning--shade-1);
@n8n/chat:build: 1270 |  }
@n8n/chat:build: 1271 |  :global(.n8n-button--warning):disabled, :global(.n8n-button--warning)[aria-disabled=true] {
@n8n/chat:build:      |          ^
@n8n/chat:build: 1272 |    --button--color--background: var(--color--warning--tint-1);
@n8n/chat:build: 1273 |    --button--shadow: 0 0 0 1px var(--color--warning--tint-1);[39m
@n8n/chat:build: [33m[lightningcss minify] 'global' is not recognized as a valid pseudo-class. Did you mean '::global' (pseudo-element) or is this a typo?
@n8n/chat:build: 1269 |    --button--shadow--active: 0 0 0 1px var(--color--warning--shade-1);
@n8n/chat:build: 1270 |  }
@n8n/chat:build: 1271 |  :global(.n8n-button--warning):disabled, :global(.n8n-button--warning)[aria-disabled=true] {
@n8n/chat:build:      |                                                  ^
@n8n/chat:build: 1272 |    --button--color--background: var(--color--warning--tint-1);
@n8n/chat:build: 1273 |    --button--shadow: 0 0 0 1px var(--color--warning--tint-1);[39m
@n8n/chat:build: computing gzip size...
@n8n/chat:build: dist/chat.css               75.36 kB │ gzip:  11.79 kB
@n8n/chat:build: dist/chat.bundle.umd.js  1,501.78 kB │ gzip: 482.17 kB
@n8n/chat:build: 
@n8n/chat:build: [32m✓ built in 45.08s[39m
n8n-workflow:build: cache hit, replaying logs 8fb524d649caa2db
n8n-workflow:build: 
n8n-workflow:build: > n8n-workflow@2.23.0 build C:\Users\Acer\n8n-Docker\packages\workflow
n8n-workflow:build: > tsc --build tsconfig.build.esm.json tsconfig.build.cjs.json
n8n-workflow:build: 
@n8n/i18n:build: cache hit, replaying logs b5327476662b5629
@n8n/i18n:build: 
@n8n/i18n:build: > @n8n/i18n@2.23.0 build C:\Users\Acer\n8n-Docker\packages\frontend\@n8n\i18n
@n8n/i18n:build: > tsdown
@n8n/i18n:build: 
@n8n/i18n:build: ℹ tsdown v0.16.5 powered by rolldown v1.0.0-beta.50
@n8n/i18n:build: ℹ Using tsdown config: C:\Users\Acer\n8n-Docker\packages\frontend\@n8n\i18n\tsdown.config.ts
@n8n/i18n:build: ℹ entry: src\index.ts, src\types.ts, src\utils.ts
@n8n/i18n:build: ℹ tsconfig: tsconfig.json
@n8n/i18n:build: ℹ Build start
@n8n/i18n:build: ℹ Cleaning 21 files
@n8n/i18n:build: ℹ [CJS] dist\index.cjs       520.59 kB │ gzip: 115.15 kB
@n8n/i18n:build: ℹ [CJS] dist\utils.cjs         0.29 kB │ gzip:   0.15 kB
@n8n/i18n:build: ℹ [CJS] dist\types.cjs         0.00 kB │ gzip:   0.02 kB
@n8n/i18n:build: ℹ [CJS] dist\index.cjs.map   656.28 kB │ gzip: 129.11 kB
@n8n/i18n:build: ℹ [CJS] dist\utils2.cjs.map    3.55 kB │ gzip:   1.36 kB
@n8n/i18n:build: ℹ [CJS] dist\utils2.cjs        2.69 kB │ gzip:   1.02 kB
@n8n/i18n:build: ℹ [CJS] 6 files, total: 1183.41 kB
@n8n/i18n:build: ℹ [ESM] dist\index.mjs       520.20 kB │ gzip: 115.14 kB
@n8n/i18n:build: ℹ [ESM] dist\utils.mjs         0.22 kB │ gzip:   0.15 kB
@n8n/i18n:build: ℹ [ESM] dist\types.mjs         0.01 kB │ gzip:   0.03 kB
@n8n/i18n:build: ℹ [ESM] dist\index.mjs.map   656.18 kB │ gzip: 129.05 kB
@n8n/i18n:build: ℹ [ESM] dist\utils2.mjs.map    3.55 kB │ gzip:   1.36 kB
@n8n/i18n:build: ℹ [ESM] dist\utils2.mjs        2.27 kB │ gzip:   0.96 kB
@n8n/i18n:build: ℹ [ESM] dist\index.d.mts     347.12 kB │ gzip:  44.85 kB
@n8n/i18n:build: ℹ [ESM] dist\utils.d.mts       0.46 kB │ gzip:   0.25 kB
@n8n/i18n:build: ℹ [ESM] dist\types.d.mts       0.20 kB │ gzip:   0.14 kB
@n8n/i18n:build: ℹ [ESM] dist\types2.d.mts    330.81 kB │ gzip:  43.68 kB
@n8n/i18n:build: ℹ [ESM] 10 files, total: 1861.01 kB
@n8n/i18n:build: ℹ [CJS] dist\index.d.cts   347.12 kB │ gzip: 44.85 kB
@n8n/i18n:build: ℹ [CJS] dist\utils.d.cts     0.46 kB │ gzip:  0.25 kB
@n8n/i18n:build: ℹ [CJS] dist\types.d.cts     0.20 kB │ gzip:  0.14 kB
@n8n/i18n:build: ℹ [CJS] dist\types2.d.cts  330.81 kB │ gzip: 43.67 kB
@n8n/i18n:build: ℹ [CJS] 4 files, total: 678.59 kB
@n8n/i18n:build: ✔ Build complete in 7635ms
@n8n/stores:build: cache hit, replaying logs 024af03b5bf77786
@n8n/stores:build: 
@n8n/stores:build: > @n8n/stores@2.23.0 build C:\Users\Acer\n8n-Docker\packages\frontend\@n8n\stores
@n8n/stores:build: > tsdown
@n8n/stores:build: 
@n8n/stores:build: [34mℹ[39m tsdown [2mv0.16.5[22m powered by rolldown [2mv1.0.0-beta.50[22m
@n8n/stores:build: [34mℹ[39m Using tsdown config: [4mC:\Users\Acer\n8n-Docker\packages\frontend\@n8n\stores\tsdown.config.ts[24m
@n8n/stores:build: [34mℹ[39m entry: [34msrc\constants.ts, src\index.ts, src\metaTagConfig.ts, src\useAgentRequestStore.ts, src\useRootStore.ts[39m
@n8n/stores:build: [34mℹ[39m tsconfig: [34mtsconfig.json[39m
@n8n/stores:build: [34mℹ[39m Build start
@n8n/stores:build: [34mℹ[39m Cleaning 35 files
@n8n/stores:build: [34mℹ[39m [33m[CJS][39m [2mdist\[22m[1museRootStore.cjs[22m              [2m 6.03 kB[22m [2m│ gzip: 1.33 kB[22m
@n8n/stores:build: [34mℹ[39m [33m[CJS][39m [2mdist\[22m[1museAgentRequestStore.cjs[22m      [2m 1.89 kB[22m [2m│ gzip: 0.57 kB[22m
@n8n/stores:build: [34mℹ[39m [33m[CJS][39m [2mdist\[22m[1mmetaTagConfig.cjs[22m             [2m 0.23 kB[22m [2m│ gzip: 0.11 kB[22m
@n8n/stores:build: [34mℹ[39m [33m[CJS][39m [2mdist\[22m[1mconstants.cjs[22m                 [2m 0.10 kB[22m [2m│ gzip: 0.08 kB[22m
@n8n/stores:build: [34mℹ[39m [33m[CJS][39m [2mdist\[22m[1mindex.cjs[22m                     [2m 0.10 kB[22m [2m│ gzip: 0.08 kB[22m
@n8n/stores:build: [34mℹ[39m [33m[CJS][39m [2mdist\[22museRootStore.cjs.map          [2m11.06 kB[22m [2m│ gzip: 2.30 kB[22m
@n8n/stores:build: [34mℹ[39m [33m[CJS][39m [2mdist\[22museAgentRequestStore.cjs.map  [2m 3.83 kB[22m [2m│ gzip: 1.15 kB[22m
@n8n/stores:build: [34mℹ[39m [33m[CJS][39m [2mdist\[22mconstants2.cjs.map            [2m 2.93 kB[22m [2m│ gzip: 1.22 kB[22m
@n8n/stores:build: [34mℹ[39m [33m[CJS][39m [2mdist\[22mconstants2.cjs                [2m 2.09 kB[22m [2m│ gzip: 1.03 kB[22m
@n8n/stores:build: [34mℹ[39m [33m[CJS][39m [2mdist\[22mmetaTagConfig2.cjs.map        [2m 1.94 kB[22m [2m│ gzip: 0.77 kB[22m
@n8n/stores:build: [34mℹ[39m [33m[CJS][39m [2mdist\[22mmetaTagConfig2.cjs            [2m 1.34 kB[22m [2m│ gzip: 0.51 kB[22m
@n8n/stores:build: [34mℹ[39m [33m[CJS][39m 11 files, total: 31.55 kB
@n8n/stores:build: [33m[EMPTY_IMPORT_META] Warning:[0m `import.meta` may not be a valid syntax with the `cjs` output format.
@n8n/stores:build:    [38;5;246m╭[0m[38;5;246m─[0m[38;5;246m[[0m src/useRootStore.ts:8:34 [38;5;246m][0m
@n8n/stores:build:    [38;5;246m│[0m
@n8n/stores:build:  [38;5;246m8 │[0m [38;5;249mc[0m[38;5;249mo[0m[38;5;249mn[0m[38;5;249ms[0m[38;5;249mt[0m[38;5;249m [0m[38;5;249m{[0m[38;5;249m [0m[38;5;249mV[0m[38;5;249mU[0m[38;5;249mE[0m[38;5;249m_[0m[38;5;249mA[0m[38;5;249mP[0m[38;5;249mP[0m[38;5;249m_[0m[38;5;249mU[0m[38;5;249mR[0m[38;5;249mL[0m[38;5;249m_[0m[38;5;249mB[0m[38;5;249mA[0m[38;5;249mS[0m[38;5;249mE[0m[38;5;249m_[0m[38;5;249mA[0m[38;5;249mP[0m[38;5;249mI[0m[38;5;249m [0m[38;5;249m}[0m[38;5;249m [0m[38;5;249m=[0m[38;5;249m [0mimport.meta[38;5;249m.[0m[38;5;249me[0m[38;5;249mn[0m[38;5;249mv[0m[38;5;249m;[0m
@n8n/stores:build:  [38;5;240m  │[0m                                  ─────┬─────  
@n8n/stores:build:  [38;5;240m  │[0m                                       ╰─────── This `import.meta` will be replaced with an empty object (`{}`) automatically. If this is desired, you can suppress this warning by adding `transform.define: { 'import.meta': {} }`. If `import.meta` needs to be kept as-is, you need to set the output format to `esm`.
@n8n/stores:build: [38;5;246m───╯[0m
@n8n/stores:build: 
@n8n/stores:build: [34mℹ[39m [34m[ESM][39m [2mdist\[22m[1museRootStore.mjs[22m              [2m 5.76 kB[22m [2m│ gzip: 1.31 kB[22m
@n8n/stores:build: [34mℹ[39m [34m[ESM][39m [2mdist\[22m[1museAgentRequestStore.mjs[22m      [2m 1.85 kB[22m [2m│ gzip: 0.55 kB[22m
@n8n/stores:build: [34mℹ[39m [34m[ESM][39m [2mdist\[22m[1mmetaTagConfig.mjs[22m             [2m 0.16 kB[22m [2m│ gzip: 0.11 kB[22m
@n8n/stores:build: [34mℹ[39m [34m[ESM][39m [2mdist\[22m[1mconstants.mjs[22m                 [2m 0.07 kB[22m [2m│ gzip: 0.08 kB[22m
@n8n/stores:build: [34mℹ[39m [34m[ESM][39m [2mdist\[22m[1mindex.mjs[22m                     [2m 0.07 kB[22m [2m│ gzip: 0.08 kB[22m
@n8n/stores:build: [34mℹ[39m [34m[ESM][39m [2mdist\[22museRootStore.mjs.map          [2m11.15 kB[22m [2m│ gzip: 2.28 kB[22m
@n8n/stores:build: [34mℹ[39m [34m[ESM][39m [2mdist\[22museAgentRequestStore.mjs.map  [2m 3.84 kB[22m [2m│ gzip: 1.16 kB[22m
@n8n/stores:build: [34mℹ[39m [34m[ESM][39m [2mdist\[22mconstants2.mjs.map            [2m 2.93 kB[22m [2m│ gzip: 1.22 kB[22m
@n8n/stores:build: [34mℹ[39m [34m[ESM][39m [2mdist\[22mconstants2.mjs                [2m 2.00 kB[22m [2m│ gzip: 0.96 kB[22m
@n8n/stores:build: [34mℹ[39m [34m[ESM][39m [2mdist\[22mmetaTagConfig2.mjs.map        [2m 1.94 kB[22m [2m│ gzip: 0.77 kB[22m
@n8n/stores:build: [34mℹ[39m [34m[ESM][39m [2mdist\[22mmetaTagConfig2.mjs            [2m 1.12 kB[22m [2m│ gzip: 0.46 kB[22m
@n8n/stores:build: [34mℹ[39m [34m[ESM][39m [2mdist\[22m[32m[1museRootStore.d.mts[22m[39m            [2m 8.04 kB[22m [2m│ gzip: 0.97 kB[22m
@n8n/stores:build: [34mℹ[39m [34m[ESM][39m [2mdist\[22m[32m[1museAgentRequestStore.d.mts[22m[39m    [2m 2.45 kB[22m [2m│ gzip: 0.49 kB[22m
@n8n/stores:build: [34mℹ[39m [34m[ESM][39m [2mdist\[22m[32m[1mmetaTagConfig.d.mts[22m[39m           [2m 0.31 kB[22m [2m│ gzip: 0.17 kB[22m
@n8n/stores:build: [34mℹ[39m [34m[ESM][39m [2mdist\[22m[32m[1mconstants.d.mts[22m[39m               [2m 0.07 kB[22m [2m│ gzip: 0.07 kB[22m
@n8n/stores:build: [34mℹ[39m [34m[ESM][39m [2mdist\[22m[32m[1mindex.d.mts[22m[39m                   [2m 0.07 kB[22m [2m│ gzip: 0.07 kB[22m
@n8n/stores:build: [34mℹ[39m [34m[ESM][39m [2mdist\[22m[32mconstants2.d.mts[39m              [2m 2.59 kB[22m [2m│ gzip: 0.99 kB[22m
@n8n/stores:build: [34mℹ[39m [34m[ESM][39m 17 files, total: 44.41 kB
@n8n/stores:build: [34mℹ[39m [33m[CJS][39m [2mdist\[22m[32m[1museRootStore.d.cts[22m[39m          [2m8.04 kB[22m [2m│ gzip: 0.97 kB[22m
@n8n/stores:build: [34mℹ[39m [33m[CJS][39m [2mdist\[22m[32m[1museAgentRequestStore.d.cts[22m[39m  [2m2.45 kB[22m [2m│ gzip: 0.49 kB[22m
@n8n/stores:build: [34mℹ[39m [33m[CJS][39m [2mdist\[22m[32m[1mmetaTagConfig.d.cts[22m[39m         [2m0.31 kB[22m [2m│ gzip: 0.17 kB[22m
@n8n/stores:build: [34mℹ[39m [33m[CJS][39m [2mdist\[22m[32m[1mconstants.d.cts[22m[39m             [2m0.07 kB[22m [2m│ gzip: 0.07 kB[22m
@n8n/stores:build: [34mℹ[39m [33m[CJS][39m [2mdist\[22m[32m[1mindex.d.cts[22m[39m                 [2m0.07 kB[22m [2m│ gzip: 0.07 kB[22m
@n8n/stores:build: [34mℹ[39m [33m[CJS][39m [2mdist\[22m[32mconstants2.d.cts[39m            [2m2.59 kB[22m [2m│ gzip: 0.99 kB[22m
@n8n/stores:build: [34mℹ[39m [33m[CJS][39m 6 files, total: 13.52 kB
@n8n/stores:build: [32m✔[39m Build complete in [32m8743ms[39m
@n8n/eslint-plugin-community-nodes:build: cache hit, replaying logs fad5233f46321e2f
@n8n/eslint-plugin-community-nodes:build: 
@n8n/eslint-plugin-community-nodes:build: > @n8n/eslint-plugin-community-nodes@0.18.0 build C:\Users\Acer\n8n-Docker\packages\@n8n\eslint-plugin-community-nodes
@n8n/eslint-plugin-community-nodes:build: > tsc --project tsconfig.build.json
@n8n/eslint-plugin-community-nodes:build: 
@n8n/ai-utilities:build: cache hit, replaying logs 903ecff71e384d39
@n8n/ai-utilities:build: 
@n8n/ai-utilities:build: > @n8n/ai-utilities@0.17.0 build C:\Users\Acer\n8n-Docker\packages\@n8n\ai-utilities
@n8n/ai-utilities:build: > tsc --build tsconfig.build.esm.json tsconfig.build.cjs.json && tsc-alias -p tsconfig.build.esm.json && tsc-alias -p tsconfig.build.cjs.json && pnpm copy-tokenizer-json dist/cjs && pnpm copy-tokenizer-json dist/esm
@n8n/ai-utilities:build: 
@n8n/ai-utilities:build: 
@n8n/ai-utilities:build: > @n8n/ai-utilities@0.17.0 copy-tokenizer-json C:\Users\Acer\n8n-Docker\packages\@n8n\ai-utilities
@n8n/ai-utilities:build: > node scripts/copy-tokenizer-json.js . "dist/cjs"
@n8n/ai-utilities:build: 
@n8n/ai-utilities:build: Copied: src/utils/tokenizer/cl100k_base.json -> C:\Users\Acer\n8n-Docker\packages\@n8n\ai-utilities\dist\cjs\utils\tokenizer\cl100k_basejson
@n8n/ai-utilities:build: Copied: src/utils/tokenizer/o200k_base.json -> C:\Users\Acer\n8n-Docker\packages\@n8n\ai-utilities\dist\cjs\utils\tokenizer\o200k_basejson
@n8n/ai-utilities:build: 
@n8n/ai-utilities:build: > @n8n/ai-utilities@0.17.0 copy-tokenizer-json C:\Users\Acer\n8n-Docker\packages\@n8n\ai-utilities
@n8n/ai-utilities:build: > node scripts/copy-tokenizer-json.js . "dist/esm"
@n8n/ai-utilities:build: 
@n8n/ai-utilities:build: Copied: src/utils/tokenizer/cl100k_base.json -> C:\Users\Acer\n8n-Docker\packages\@n8n\ai-utilities\dist\esm\utils\tokenizer\cl100k_basejson
@n8n/ai-utilities:build: Copied: src/utils/tokenizer/o200k_base.json -> C:\Users\Acer\n8n-Docker\packages\@n8n\ai-utilities\dist\esm\utils\tokenizer\o200k_basejson
@n8n/ai-node-sdk:build: cache hit, replaying logs 2a5465f3746f3d52
@n8n/ai-node-sdk:build: 
@n8n/ai-node-sdk:build: > @n8n/ai-node-sdk@0.14.0 build C:\Users\Acer\n8n-Docker\packages\@n8n\ai-node-sdk
@n8n/ai-node-sdk:build: > tsc --build tsconfig.build.esm.json tsconfig.build.cjs.json
@n8n/ai-node-sdk:build: 
@n8n/workflow-sdk:build: cache hit, replaying logs 679536d3bbb56ae9
@n8n/workflow-sdk:build: 
@n8n/workflow-sdk:build: > @n8n/workflow-sdk@0.16.0 build C:\Users\Acer\n8n-Docker\packages\@n8n\workflow-sdk
@n8n/workflow-sdk:build: > tsc -p tsconfig.build.json
@n8n/workflow-sdk:build: 
@n8n/api-types:build: cache hit, replaying logs 1c770f6936c4f542
@n8n/api-types:build: 
@n8n/api-types:build: > @n8n/api-types@1.23.0 build C:\Users\Acer\n8n-Docker\packages\@n8n\api-types
@n8n/api-types:build: > tsc -p tsconfig.build.json
@n8n/api-types:build: 
@n8n/chat-hub:build: cache hit, replaying logs e03a6a0d0ec9a38b
@n8n/chat-hub:build: 
@n8n/chat-hub:build: > @n8n/chat-hub@1.16.0 build C:\Users\Acer\n8n-Docker\packages\@n8n\chat-hub
@n8n/chat-hub:build: > tsc -p tsconfig.build.json
@n8n/chat-hub:build: 
@n8n/agents:build: cache hit, replaying logs be9275119639ce2a
@n8n/agents:build: 
@n8n/agents:build: > @n8n/agents@0.9.0 build C:\Users\Acer\n8n-Docker\packages\@n8n\agents
@n8n/agents:build: > rimraf dist && tsc -p tsconfig.build.json
@n8n/agents:build: 
@n8n/decorators:build: cache hit, replaying logs b1e022fa25d547a4
@n8n/decorators:build: 
@n8n/decorators:build: > @n8n/decorators@1.23.0 build C:\Users\Acer\n8n-Docker\packages\@n8n\decorators
@n8n/decorators:build: > tsc -p tsconfig.build.json
@n8n/decorators:build: 
@n8n/backend-common:build: cache hit, replaying logs 44fa53c6fd7fb078
@n8n/backend-common:build: 
@n8n/backend-common:build: > @n8n/backend-common@1.23.0 build C:\Users\Acer\n8n-Docker\packages\@n8n\backend-common
@n8n/backend-common:build: > tsc -p tsconfig.build.json
@n8n/backend-common:build: 
@n8n/rest-api-client:build: cache hit, replaying logs 67196ec19755e617
@n8n/rest-api-client:build: 
@n8n/rest-api-client:build: > @n8n/rest-api-client@2.23.0 build C:\Users\Acer\n8n-Docker\packages\frontend\@n8n\rest-api-client
@n8n/rest-api-client:build: > tsdown
@n8n/rest-api-client:build: 
@n8n/rest-api-client:build: ℹ tsdown v0.16.5 powered by rolldown v1.0.0-beta.50
@n8n/rest-api-client:build: ℹ Using tsdown config: C:\Users\Acer\n8n-Docker\packages\frontend\@n8n\rest-api-client\tsdown.config.ts
@n8n/rest-api-client:build: ℹ entry: src\index.ts, src\types.ts, src\utils.ts, src\api\ai-usage.ts, src\api\api-keys.ts, src\api\breaking-changes.ts, src\api\cloudPlans.ts, src\api\communityNodes.ts, src\api\consent.ts, src\api\credentialResolvers.ts, src\api\ctas.ts, src\api\dynamic-banners.ts, src\api\eventbus.ee.ts, src\api\events.ts, src\api\execution.ts, src\api\externalSecrets.ee.ts, src\api\index.ts, src\api\instance-registry.ts, src\api\instance-version-history.ts, src\api\ldap.ts, src\api\mfa.ts, src\api\module-settings.ts, src\api\nodeTypes.ts, src\api\npsSurvey.ts, src\api\orchestration.ts, src\api\provisioning.ts, src\api\roleMappingRule.ts, src\api\roles.ts, src\api\secretsProvider.ee.ts, src\api\security-settings.ts, src\api\settings.ts, src\api\sso.ts, src\api\tags.ts, src\api\templates.ts, src\api\third-party-licenses.ts, src\api\ui.ts, src\api\usage.ts, src\api\users.ts, src\api\versions.ts, src\api\webhooks.ts, src\api\workflowHistory.ts, src\api\workflows.ts
@n8n/rest-api-client:build: ℹ tsconfig: tsconfig.json
@n8n/rest-api-client:build: ℹ Build start
@n8n/rest-api-client:build: ℹ Cleaning 384 files
@n8n/rest-api-client:build: ℹ [CJS] dist\index.cjs                         13.59 kB │ gzip: 2.30 kB
@n8n/rest-api-client:build: ℹ [CJS] dist\api/index.cjs                     13.04 kB │ gzip: 2.16 kB
@n8n/rest-api-client:build: ℹ [CJS] dist\api/secretsProvider.ee.cjs         1.68 kB │ gzip: 0.25 kB
@n8n/rest-api-client:build: ℹ [CJS] dist\api/users.cjs                      1.28 kB │ gzip: 0.33 kB
@n8n/rest-api-client:build: ℹ [CJS] dist\api/externalSecrets.ee.cjs         1.06 kB │ gzip: 0.23 kB
@n8n/rest-api-client:build: ℹ [CJS] dist\api/nodeTypes.cjs                  1.01 kB │ gzip: 0.27 kB
@n8n/rest-api-client:build: ℹ [CJS] dist\api/breaking-changes.cjs           0.78 kB │ gzip: 0.33 kB
@n8n/rest-api-client:build: ℹ [CJS] dist\api/credentialResolvers.cjs        0.73 kB │ gzip: 0.17 kB
@n8n/rest-api-client:build: ℹ [CJS] dist\utils.cjs                          0.61 kB │ gzip: 0.22 kB
@n8n/rest-api-client:build: ℹ [CJS] dist\api/sso.cjs                        0.58 kB │ gzip: 0.18 kB
@n8n/rest-api-client:build: ℹ [CJS] dist\api/eventbus.ee.cjs                0.56 kB │ gzip: 0.19 kB
@n8n/rest-api-client:build: ℹ [CJS] dist\api/templates.cjs                  0.51 kB │ gzip: 0.18 kB
@n8n/rest-api-client:build: ℹ [CJS] dist\api/consent.cjs                    0.50 kB │ gzip: 0.26 kB
@n8n/rest-api-client:build: ℹ [CJS] dist\api/workflowHistory.cjs            0.49 kB │ gzip: 0.17 kB
@n8n/rest-api-client:build: ℹ [CJS] dist\api/roles.cjs                      0.48 kB │ gzip: 0.17 kB
@n8n/rest-api-client:build: ℹ [CJS] dist\api/roleMappingRule.cjs            0.48 kB │ gzip: 0.15 kB
@n8n/rest-api-client:build: ℹ [CJS] dist\api/communityNodes.cjs             0.48 kB │ gzip: 0.17 kB
@n8n/rest-api-client:build: ℹ [CJS] dist\api/cloudPlans.cjs                 0.48 kB │ gzip: 0.18 kB
@n8n/rest-api-client:build: ℹ [CJS] dist\api/usage.cjs                      0.37 kB │ gzip: 0.17 kB
@n8n/rest-api-client:build: ℹ [CJS] dist\api/ldap.cjs                       0.36 kB │ gzip: 0.16 kB
@n8n/rest-api-client:build: ℹ [CJS] dist\api/mfa.cjs                        0.35 kB │ gzip: 0.17 kB
@n8n/rest-api-client:build: ℹ [CJS] dist\api/api-keys.cjs                   0.35 kB │ gzip: 0.15 kB
@n8n/rest-api-client:build: ℹ [CJS] dist\api/dynamic-banners.cjs            0.30 kB │ gzip: 0.20 kB
@n8n/rest-api-client:build: ℹ [CJS] dist\api/security-settings.cjs          0.26 kB │ gzip: 0.12 kB
@n8n/rest-api-client:build: ℹ [CJS] dist\api/provisioning.cjs               0.24 kB │ gzip: 0.12 kB
@n8n/rest-api-client:build: ℹ [CJS] dist\api/versions.cjs                   0.20 kB │ gzip: 0.12 kB
@n8n/rest-api-client:build: ℹ [CJS] dist\api/instance-version-history.cjs   0.20 kB │ gzip: 0.13 kB
@n8n/rest-api-client:build: ℹ [CJS] dist\api/third-party-licenses.cjs       0.19 kB │ gzip: 0.12 kB
@n8n/rest-api-client:build: ℹ [CJS] dist\api/instance-registry.cjs          0.16 kB │ gzip: 0.12 kB
@n8n/rest-api-client:build: ℹ [CJS] dist\api/module-settings.cjs            0.16 kB │ gzip: 0.11 kB
@n8n/rest-api-client:build: ℹ [CJS] dist\api/orchestration.cjs              0.16 kB │ gzip: 0.11 kB
@n8n/rest-api-client:build: ℹ [CJS] dist\api/npsSurvey.cjs                  0.15 kB │ gzip: 0.10 kB
@n8n/rest-api-client:build: ℹ [CJS] dist\api/ai-usage.cjs                   0.15 kB │ gzip: 0.11 kB
@n8n/rest-api-client:build: ℹ [CJS] dist\api/ui.cjs                         0.14 kB │ gzip: 0.11 kB
@n8n/rest-api-client:build: ℹ [CJS] dist\api/ctas.cjs                       0.14 kB │ gzip: 0.10 kB
@n8n/rest-api-client:build: ℹ [CJS] dist\api/events.cjs                     0.13 kB │ gzip: 0.10 kB
@n8n/rest-api-client:build: ℹ [CJS] dist\api/settings.cjs                   0.13 kB │ gzip: 0.09 kB
@n8n/rest-api-client:build: ℹ [CJS] dist\api/webhooks.cjs                   0.13 kB │ gzip: 0.10 kB
@n8n/rest-api-client:build: ℹ [CJS] dist\api/execution.cjs                  0.00 kB │ gzip: 0.02 kB
@n8n/rest-api-client:build: ℹ [CJS] dist\api/tags.cjs                       0.00 kB │ gzip: 0.02 kB
@n8n/rest-api-client:build: ℹ [CJS] dist\api/workflows.cjs                  0.00 kB │ gzip: 0.02 kB
@n8n/rest-api-client:build: ℹ [CJS] dist\types.cjs                          0.00 kB │ gzip: 0.02 kB
@n8n/rest-api-client:build: ℹ [CJS] dist\utils2.cjs.map                    14.04 kB │ gzip: 4.33 kB
@n8n/rest-api-client:build: ℹ [CJS] dist\utils2.cjs                         8.99 kB │ gzip: 2.88 kB
@n8n/rest-api-client:build: ℹ [CJS] dist\users.cjs.map                      8.79 kB │ gzip: 1.83 kB
@n8n/rest-api-client:build: ℹ [CJS] dist\secretsProvider.ee.cjs.map         6.91 kB │ gzip: 1.07 kB
@n8n/rest-api-client:build: ℹ [CJS] dist\templates.cjs.map                  6.82 kB │ gzip: 1.75 kB
@n8n/rest-api-client:build: ℹ [CJS] dist\nodeTypes.cjs.map                  6.04 kB │ gzip: 1.64 kB
@n8n/rest-api-client:build: ℹ [CJS] dist\users.cjs                          5.68 kB │ gzip: 0.86 kB
@n8n/rest-api-client:build: ℹ [CJS] dist\secretsProvider.ee.cjs             5.63 kB │ gzip: 0.64 kB
@n8n/rest-api-client:build: ℹ [CJS] dist\nodeTypes.cjs                      4.75 kB │ gzip: 1.08 kB
@n8n/rest-api-client:build: ℹ [CJS] dist\externalSecrets.ee.cjs.map         4.43 kB │ gzip: 1.02 kB
@n8n/rest-api-client:build: ℹ [CJS] dist\workflowHistory.cjs.map            4.03 kB │ gzip: 1.06 kB
@n8n/rest-api-client:build: ℹ [CJS] dist\cloudPlans.cjs.map                 3.93 kB │ gzip: 1.39 kB
@n8n/rest-api-client:build: ℹ [CJS] dist\externalSecrets.ee.cjs             3.84 kB │ gzip: 0.66 kB
@n8n/rest-api-client:build: ℹ [CJS] dist\sso.cjs.map                        3.35 kB │ gzip: 0.82 kB
@n8n/rest-api-client:build: ℹ [CJS] dist\credentialResolvers.cjs.map        3.00 kB │ gzip: 0.79 kB
@n8n/rest-api-client:build: ℹ [CJS] dist\sso.cjs                            2.79 kB │ gzip: 0.51 kB
@n8n/rest-api-client:build: ℹ [CJS] dist\ldap.cjs.map                       2.79 kB │ gzip: 0.90 kB
@n8n/rest-api-client:build: ℹ [CJS] dist\roleMappingRule.cjs.map            2.75 kB │ gzip: 0.76 kB
@n8n/rest-api-client:build: ℹ [CJS] dist\roles.cjs.map                      2.63 kB │ gzip: 0.75 kB
@n8n/rest-api-client:build: ℹ [CJS] dist\templates.cjs                      2.50 kB │ gzip: 0.59 kB
@n8n/rest-api-client:build: ℹ [CJS] dist\eventbus.ee.cjs.map                2.43 kB │ gzip: 0.80 kB
@n8n/rest-api-client:build: ℹ [CJS] dist\credentialResolvers.cjs            2.42 kB │ gzip: 0.49 kB
@n8n/rest-api-client:build: ℹ [CJS] dist\communityNodes.cjs.map             2.21 kB │ gzip: 0.82 kB
@n8n/rest-api-client:build: ℹ [CJS] dist\versions.cjs.map                   2.19 kB │ gzip: 0.78 kB
@n8n/rest-api-client:build: ℹ [CJS] dist\roles.cjs                          2.10 kB │ gzip: 0.49 kB
@n8n/rest-api-client:build: ℹ [CJS] dist\mfa.cjs.map                        1.96 kB │ gzip: 0.62 kB
@n8n/rest-api-client:build: ℹ [CJS] dist\eventbus.ee.cjs                    1.94 kB │ gzip: 0.50 kB
@n8n/rest-api-client:build: ℹ [CJS] dist\api-keys.cjs.map                   1.94 kB │ gzip: 0.63 kB
@n8n/rest-api-client:build: ℹ [CJS] dist\workflowHistory.cjs                1.90 kB │ gzip: 0.46 kB
@n8n/rest-api-client:build: ℹ [CJS] dist\usage.cjs.map                      1.88 kB │ gzip: 0.64 kB
@n8n/rest-api-client:build: ℹ [CJS] dist\communityNodes.cjs                 1.76 kB │ gzip: 0.57 kB
@n8n/rest-api-client:build: ℹ [CJS] dist\cloudPlans.cjs                     1.69 kB │ gzip: 0.43 kB
@n8n/rest-api-client:build: ℹ [CJS] dist\roleMappingRule.cjs                1.68 kB │ gzip: 0.45 kB
@n8n/rest-api-client:build: ℹ [CJS] dist\mfa.cjs                            1.63 kB │ gzip: 0.41 kB
@n8n/rest-api-client:build: ℹ [CJS] dist\api/breaking-changes.cjs.map       1.63 kB │ gzip: 0.62 kB
@n8n/rest-api-client:build: ℹ [CJS] dist\usage.cjs                          1.52 kB │ gzip: 0.42 kB
@n8n/rest-api-client:build: ℹ [CJS] dist\ldap.cjs                           1.47 kB │ gzip: 0.40 kB
@n8n/rest-api-client:build: ℹ [CJS] dist\api-keys.cjs                       1.43 kB │ gzip: 0.40 kB
@n8n/rest-api-client:build: ℹ [CJS] dist\provisioning.cjs.map               1.28 kB │ gzip: 0.51 kB
@n8n/rest-api-client:build: ℹ [CJS] dist\api/consent.cjs.map                1.00 kB │ gzip: 0.46 kB
@n8n/rest-api-client:build: ℹ [CJS] dist\api/dynamic-banners.cjs.map        1.00 kB │ gzip: 0.51 kB
@n8n/rest-api-client:build: ℹ [CJS] dist\security-settings.cjs.map          0.93 kB │ gzip: 0.40 kB
@n8n/rest-api-client:build: ℹ [CJS] dist\versions.cjs                       0.88 kB │ gzip: 0.37 kB
@n8n/rest-api-client:build: ℹ [CJS] dist\webhooks.cjs.map                   0.77 kB │ gzip: 0.42 kB
@n8n/rest-api-client:build: ℹ [CJS] dist\provisioning.cjs                   0.73 kB │ gzip: 0.32 kB
@n8n/rest-api-client:build: ℹ [CJS] dist\security-settings.cjs              0.71 kB │ gzip: 0.31 kB
@n8n/rest-api-client:build: ℹ [CJS] dist\ui.cjs.map                         0.69 kB │ gzip: 0.41 kB
@n8n/rest-api-client:build: ℹ [CJS] dist\instance-version-history.cjs.map   0.66 kB │ gzip: 0.40 kB
@n8n/rest-api-client:build: ℹ [CJS] dist\ai-usage.cjs.map                   0.62 kB │ gzip: 0.35 kB
@n8n/rest-api-client:build: ℹ [CJS] dist\instance-registry.cjs.map          0.58 kB │ gzip: 0.34 kB
@n8n/rest-api-client:build: ℹ [CJS] dist\module-settings.cjs.map            0.58 kB │ gzip: 0.33 kB
@n8n/rest-api-client:build: ℹ [CJS] dist\third-party-licenses.cjs.map       0.57 kB │ gzip: 0.35 kB
@n8n/rest-api-client:build: ℹ [CJS] dist\orchestration.cjs.map              0.57 kB │ gzip: 0.35 kB
@n8n/rest-api-client:build: ℹ [CJS] dist\npsSurvey.cjs.map                  0.57 kB │ gzip: 0.33 kB
@n8n/rest-api-client:build: ℹ [CJS] dist\settings.cjs.map                   0.54 kB │ gzip: 0.32 kB
@n8n/rest-api-client:build: ℹ [CJS] dist\instance-version-history.cjs       0.49 kB │ gzip: 0.30 kB
@n8n/rest-api-client:build: ℹ [CJS] dist\events.cjs.map                     0.47 kB │ gzip: 0.31 kB
@n8n/rest-api-client:build: ℹ [CJS] dist\ctas.cjs.map                       0.47 kB │ gzip: 0.32 kB
@n8n/rest-api-client:build: ℹ [CJS] dist\third-party-licenses.cjs           0.47 kB │ gzip: 0.29 kB
@n8n/rest-api-client:build: ℹ [CJS] dist\orchestration.cjs                  0.47 kB │ gzip: 0.30 kB
@n8n/rest-api-client:build: ℹ [CJS] dist\ui.cjs                             0.44 kB │ gzip: 0.29 kB
@n8n/rest-api-client:build: ℹ [CJS] dist\npsSurvey.cjs                      0.42 kB │ gzip: 0.28 kB
@n8n/rest-api-client:build: ℹ [CJS] dist\ai-usage.cjs                       0.42 kB │ gzip: 0.28 kB
@n8n/rest-api-client:build: ℹ [CJS] dist\instance-registry.cjs              0.41 kB │ gzip: 0.27 kB
@n8n/rest-api-client:build: ℹ [CJS] dist\module-settings.cjs                0.41 kB │ gzip: 0.27 kB
@n8n/rest-api-client:build: ℹ [CJS] dist\webhooks.cjs                       0.39 kB │ gzip: 0.27 kB
@n8n/rest-api-client:build: ℹ [CJS] dist\events.cjs                         0.39 kB │ gzip: 0.27 kB
@n8n/rest-api-client:build: ℹ [CJS] dist\ctas.cjs                           0.38 kB │ gzip: 0.26 kB
@n8n/rest-api-client:build: ℹ [CJS] dist\settings.cjs                       0.37 kB │ gzip: 0.26 kB
@n8n/rest-api-client:build: ℹ [CJS] dist\api.cjs                            0.00 kB │ gzip: 0.02 kB
@n8n/rest-api-client:build: ℹ [CJS] 112 files, total: 198.78 kB
@n8n/rest-api-client:build: [33m[EMPTY_IMPORT_META] Warning:[0m `import.meta` may not be a valid syntax with the `cjs` output format.
@n8n/rest-api-client:build:      [38;5;246m╭[0m[38;5;246m─[0m[38;5;246m[[0m src/utils.ts:120:3 [38;5;246m][0m
@n8n/rest-api-client:build:      [38;5;246m│[0m
@n8n/rest-api-client:build:  [38;5;246m120 │[0m [38;5;249m [0m[38;5;249m [0m[38;5;249m [0m[38;5;249m [0m[38;5;249m [0m[38;5;249m [0m[38;5;249m [0mimport.meta[38;5;249m.[0m[38;5;249me[0m[38;5;249mn[0m[38;5;249mv[0m[38;5;249m.[0m[38;5;249mN[0m[38;5;249mO[0m[38;5;249mD[0m[38;5;249mE[0m[38;5;249m_[0m[38;5;249mE[0m[38;5;249mN[0m[38;5;249mV[0m[38;5;249m [0m[38;5;249m![0m[38;5;249m=[0m[38;5;249m=[0m[38;5;249m [0m[38;5;249m'[0m[38;5;249mp[0m[38;5;249mr[0m[38;5;249mo[0m[38;5;249md[0m[38;5;249mu[0m[38;5;249mc[0m[38;5;249mt[0m[38;5;249mi[0m[38;5;249mo[0m[38;5;249mn[0m[38;5;249m'[0m[38;5;249m [0m[38;5;249m&[0m[38;5;249m&[0m
@n8n/rest-api-client:build:  [38;5;240m    │[0m        ─────┬─────  
@n8n/rest-api-client:build:  [38;5;240m    │[0m             ╰─────── This `import.meta` will be replaced with an empty object (`{}`) automatically. If this is desired, you can suppress this warning by adding `transform.define: { 'import.meta': {} }`. If `import.meta` needs to be kept as-is, you need to set the output format to `esm`.
@n8n/rest-api-client:build: [38;5;246m─────╯[0m
@n8n/rest-api-client:build: 
@n8n/rest-api-client:build: ℹ [ESM] dist\index.mjs                            9.08 kB │ gzip: 2.19 kB
@n8n/rest-api-client:build: ℹ [ESM] dist\api/index.mjs                        8.74 kB │ gzip: 2.04 kB
@n8n/rest-api-client:build: ℹ [ESM] dist\api/secretsProvider.ee.mjs           1.20 kB │ gzip: 0.26 kB
@n8n/rest-api-client:build: ℹ [ESM] dist\api/users.mjs                        0.91 kB │ gzip: 0.35 kB
@n8n/rest-api-client:build: ℹ [ESM] dist\api/nodeTypes.mjs                    0.73 kB │ gzip: 0.27 kB
@n8n/rest-api-client:build: ℹ [ESM] dist\api/externalSecrets.ee.mjs           0.70 kB │ gzip: 0.23 kB
@n8n/rest-api-client:build: ℹ [ESM] dist\api/breaking-changes.mjs             0.69 kB │ gzip: 0.32 kB
@n8n/rest-api-client:build: ℹ [ESM] dist\api/credentialResolvers.mjs          0.48 kB │ gzip: 0.17 kB
@n8n/rest-api-client:build: ℹ [ESM] dist\api/consent.mjs                      0.44 kB │ gzip: 0.24 kB
@n8n/rest-api-client:build: ℹ [ESM] dist\api/sso.mjs                          0.42 kB │ gzip: 0.18 kB
@n8n/rest-api-client:build: ℹ [ESM] dist\utils.mjs                            0.41 kB │ gzip: 0.23 kB
@n8n/rest-api-client:build: ℹ [ESM] dist\api/eventbus.ee.mjs                  0.40 kB │ gzip: 0.19 kB
@n8n/rest-api-client:build: ℹ [ESM] dist\api/roles.mjs                        0.35 kB │ gzip: 0.17 kB
@n8n/rest-api-client:build: ℹ [ESM] dist\api/templates.mjs                    0.35 kB │ gzip: 0.17 kB
@n8n/rest-api-client:build: ℹ [ESM] dist\api/workflowHistory.mjs              0.33 kB │ gzip: 0.16 kB
@n8n/rest-api-client:build: ℹ [ESM] dist\api/communityNodes.mjs               0.33 kB │ gzip: 0.17 kB
@n8n/rest-api-client:build: ℹ [ESM] dist\api/cloudPlans.mjs                   0.33 kB │ gzip: 0.18 kB
@n8n/rest-api-client:build: ℹ [ESM] dist\api/roleMappingRule.mjs              0.33 kB │ gzip: 0.15 kB
@n8n/rest-api-client:build: ℹ [ESM] dist\api/usage.mjs                        0.28 kB │ gzip: 0.16 kB
@n8n/rest-api-client:build: ℹ [ESM] dist\api/ldap.mjs                         0.27 kB │ gzip: 0.16 kB
@n8n/rest-api-client:build: ℹ [ESM] dist\api/dynamic-banners.mjs              0.27 kB │ gzip: 0.19 kB
@n8n/rest-api-client:build: ℹ [ESM] dist\api/mfa.mjs                          0.25 kB │ gzip: 0.16 kB
@n8n/rest-api-client:build: ℹ [ESM] dist\api/api-keys.mjs                     0.24 kB │ gzip: 0.14 kB
@n8n/rest-api-client:build: ℹ [ESM] dist\api/security-settings.mjs            0.18 kB │ gzip: 0.12 kB
@n8n/rest-api-client:build: ℹ [ESM] dist\api/provisioning.mjs                 0.18 kB │ gzip: 0.11 kB
@n8n/rest-api-client:build: ℹ [ESM] dist\api/versions.mjs                     0.15 kB │ gzip: 0.12 kB
@n8n/rest-api-client:build: ℹ [ESM] dist\api/instance-version-history.mjs     0.13 kB │ gzip: 0.12 kB
@n8n/rest-api-client:build: ℹ [ESM] dist\api/third-party-licenses.mjs         0.13 kB │ gzip: 0.10 kB
@n8n/rest-api-client:build: ℹ [ESM] dist\api/orchestration.mjs                0.12 kB │ gzip: 0.10 kB
@n8n/rest-api-client:build: ℹ [ESM] dist\api/ai-usage.mjs                     0.12 kB │ gzip: 0.10 kB
@n8n/rest-api-client:build: ℹ [ESM] dist\api/ui.mjs                           0.12 kB │ gzip: 0.10 kB
@n8n/rest-api-client:build: ℹ [ESM] dist\api/module-settings.mjs              0.12 kB │ gzip: 0.10 kB
@n8n/rest-api-client:build: ℹ [ESM] dist\api/npsSurvey.mjs                    0.12 kB │ gzip: 0.10 kB
@n8n/rest-api-client:build: ℹ [ESM] dist\api/instance-registry.mjs            0.12 kB │ gzip: 0.10 kB
@n8n/rest-api-client:build: ℹ [ESM] dist\api/ctas.mjs                         0.11 kB │ gzip: 0.10 kB
@n8n/rest-api-client:build: ℹ [ESM] dist\api/events.mjs                       0.10 kB │ gzip: 0.09 kB
@n8n/rest-api-client:build: ℹ [ESM] dist\api/settings.mjs                     0.10 kB │ gzip: 0.09 kB
@n8n/rest-api-client:build: ℹ [ESM] dist\api/webhooks.mjs                     0.10 kB │ gzip: 0.09 kB
@n8n/rest-api-client:build: ℹ [ESM] dist\api/execution.mjs                    0.01 kB │ gzip: 0.03 kB
@n8n/rest-api-client:build: ℹ [ESM] dist\api/tags.mjs                         0.01 kB │ gzip: 0.03 kB
@n8n/rest-api-client:build: ℹ [ESM] dist\api/workflows.mjs                    0.01 kB │ gzip: 0.03 kB
@n8n/rest-api-client:build: ℹ [ESM] dist\types.mjs                            0.01 kB │ gzip: 0.03 kB
@n8n/rest-api-client:build: ℹ [ESM] dist\utils2.mjs.map                      13.98 kB │ gzip: 4.32 kB
@n8n/rest-api-client:build: ℹ [ESM] dist\users.mjs.map                        8.74 kB │ gzip: 1.82 kB
@n8n/rest-api-client:build: ℹ [ESM] dist\secretsProvider.ee.mjs.map           6.88 kB │ gzip: 1.07 kB
@n8n/rest-api-client:build: ℹ [ESM] dist\templates.mjs.map                    6.80 kB │ gzip: 1.74 kB
@n8n/rest-api-client:build: ℹ [ESM] dist\utils2.mjs                           6.66 kB │ gzip: 2.38 kB
@n8n/rest-api-client:build: ℹ [ESM] dist\nodeTypes.mjs.map                    6.01 kB │ gzip: 1.64 kB
@n8n/rest-api-client:build: ℹ [ESM] dist\externalSecrets.ee.mjs.map           4.40 kB │ gzip: 1.02 kB
@n8n/rest-api-client:build: ℹ [ESM] dist\workflowHistory.mjs.map              4.00 kB │ gzip: 1.04 kB
@n8n/rest-api-client:build: ℹ [ESM] dist\cloudPlans.mjs.map                   3.91 kB │ gzip: 1.38 kB
@n8n/rest-api-client:build: ℹ [ESM] dist\secretsProvider.ee.mjs               3.57 kB │ gzip: 0.56 kB
@n8n/rest-api-client:build: ℹ [ESM] dist\sso.mjs.map                          3.31 kB │ gzip: 0.82 kB
@n8n/rest-api-client:build: ℹ [ESM] dist\users.mjs                            3.25 kB │ gzip: 0.74 kB
@n8n/rest-api-client:build: ℹ [ESM] dist\nodeTypes.mjs                        3.18 kB │ gzip: 0.97 kB
@n8n/rest-api-client:build: ℹ [ESM] dist\credentialResolvers.mjs.map          2.98 kB │ gzip: 0.79 kB
@n8n/rest-api-client:build: ℹ [ESM] dist\ldap.mjs.map                         2.77 kB │ gzip: 0.89 kB
@n8n/rest-api-client:build: ℹ [ESM] dist\roleMappingRule.mjs.map              2.73 kB │ gzip: 0.76 kB
@n8n/rest-api-client:build: ℹ [ESM] dist\roles.mjs.map                        2.61 kB │ gzip: 0.75 kB
@n8n/rest-api-client:build: ℹ [ESM] dist\externalSecrets.ee.mjs               2.43 kB │ gzip: 0.56 kB
@n8n/rest-api-client:build: ℹ [ESM] dist\eventbus.ee.mjs.map                  2.41 kB │ gzip: 0.79 kB
@n8n/rest-api-client:build: ℹ [ESM] dist\communityNodes.mjs.map               2.13 kB │ gzip: 0.80 kB
@n8n/rest-api-client:build: ℹ [ESM] dist\versions.mjs.map                     2.13 kB │ gzip: 0.76 kB
@n8n/rest-api-client:build: ℹ [ESM] dist\mfa.mjs.map                          1.93 kB │ gzip: 0.61 kB
@n8n/rest-api-client:build: ℹ [ESM] dist\api-keys.mjs.map                     1.91 kB │ gzip: 0.63 kB
@n8n/rest-api-client:build: ℹ [ESM] dist\usage.mjs.map                        1.85 kB │ gzip: 0.64 kB
@n8n/rest-api-client:build: ℹ [ESM] dist\templates.mjs                        1.66 kB │ gzip: 0.51 kB
@n8n/rest-api-client:build: ℹ [ESM] dist\sso.mjs                              1.62 kB │ gzip: 0.41 kB
@n8n/rest-api-client:build: ℹ [ESM] dist\api/breaking-changes.mjs.map         1.60 kB │ gzip: 0.61 kB
@n8n/rest-api-client:build: ℹ [ESM] dist\credentialResolvers.mjs              1.53 kB │ gzip: 0.40 kB
@n8n/rest-api-client:build: ℹ [ESM] dist\workflowHistory.mjs                  1.29 kB │ gzip: 0.39 kB
@n8n/rest-api-client:build: ℹ [ESM] dist\roles.mjs                            1.27 kB │ gzip: 0.41 kB
@n8n/rest-api-client:build: ℹ [ESM] dist\provisioning.mjs.map                 1.26 kB │ gzip: 0.51 kB
@n8n/rest-api-client:build: ℹ [ESM] dist\eventbus.ee.mjs                      1.20 kB │ gzip: 0.42 kB
@n8n/rest-api-client:build: ℹ [ESM] dist\communityNodes.mjs                   1.17 kB │ gzip: 0.50 kB
@n8n/rest-api-client:build: ℹ [ESM] dist\roleMappingRule.mjs                  1.07 kB │ gzip: 0.37 kB
@n8n/rest-api-client:build: ℹ [ESM] dist\api/dynamic-banners.mjs.map          0.99 kB │ gzip: 0.51 kB
@n8n/rest-api-client:build: ℹ [ESM] dist\api/consent.mjs.map                  0.98 kB │ gzip: 0.45 kB
@n8n/rest-api-client:build: ℹ [ESM] dist\cloudPlans.mjs                       0.97 kB │ gzip: 0.36 kB
@n8n/rest-api-client:build: ℹ [ESM] dist\mfa.mjs                              0.95 kB │ gzip: 0.33 kB
@n8n/rest-api-client:build: ℹ [ESM] dist\usage.mjs                            0.92 kB │ gzip: 0.34 kB
@n8n/rest-api-client:build: ℹ [ESM] dist\security-settings.mjs.map            0.91 kB │ gzip: 0.40 kB
@n8n/rest-api-client:build: ℹ [ESM] dist\ldap.mjs                             0.88 kB │ gzip: 0.33 kB
@n8n/rest-api-client:build: ℹ [ESM] dist\api-keys.mjs                         0.86 kB │ gzip: 0.32 kB
@n8n/rest-api-client:build: ℹ [ESM] dist\webhooks.mjs.map                     0.74 kB │ gzip: 0.41 kB
@n8n/rest-api-client:build: ℹ [ESM] dist\ui.mjs.map                           0.67 kB │ gzip: 0.40 kB
@n8n/rest-api-client:build: ℹ [ESM] dist\instance-version-history.mjs.map     0.65 kB │ gzip: 0.40 kB
@n8n/rest-api-client:build: ℹ [ESM] dist\versions.mjs                         0.62 kB │ gzip: 0.30 kB
@n8n/rest-api-client:build: ℹ [ESM] dist\ai-usage.mjs.map                     0.60 kB │ gzip: 0.35 kB
@n8n/rest-api-client:build: ℹ [ESM] dist\third-party-licenses.mjs.map         0.56 kB │ gzip: 0.35 kB
@n8n/rest-api-client:build: ℹ [ESM] dist\instance-registry.mjs.map            0.56 kB │ gzip: 0.33 kB
@n8n/rest-api-client:build: ℹ [ESM] dist\module-settings.mjs.map              0.56 kB │ gzip: 0.32 kB
@n8n/rest-api-client:build: ℹ [ESM] dist\orchestration.mjs.map                0.55 kB │ gzip: 0.35 kB
@n8n/rest-api-client:build: ℹ [ESM] dist\npsSurvey.mjs.map                    0.55 kB │ gzip: 0.33 kB
@n8n/rest-api-client:build: ℹ [ESM] dist\settings.mjs.map                     0.51 kB │ gzip: 0.31 kB
@n8n/rest-api-client:build: ℹ [ESM] dist\provisioning.mjs                     0.50 kB │ gzip: 0.25 kB
@n8n/rest-api-client:build: ℹ [ESM] dist\security-settings.mjs                0.48 kB │ gzip: 0.24 kB
@n8n/rest-api-client:build: ℹ [ESM] dist\ctas.mjs.map                         0.46 kB │ gzip: 0.31 kB
@n8n/rest-api-client:build: ℹ [ESM] dist\events.mjs.map                       0.45 kB │ gzip: 0.30 kB
@n8n/rest-api-client:build: ℹ [ESM] dist\instance-version-history.mjs         0.37 kB │ gzip: 0.24 kB
@n8n/rest-api-client:build: ℹ [ESM] dist\orchestration.mjs                    0.36 kB │ gzip: 0.24 kB
@n8n/rest-api-client:build: ℹ [ESM] dist\third-party-licenses.mjs             0.35 kB │ gzip: 0.24 kB
@n8n/rest-api-client:build: ℹ [ESM] dist\ui.mjs                               0.33 kB │ gzip: 0.23 kB
@n8n/rest-api-client:build: ℹ [ESM] dist\npsSurvey.mjs                        0.32 kB │ gzip: 0.22 kB
@n8n/rest-api-client:build: ℹ [ESM] dist\ai-usage.mjs                         0.31 kB │ gzip: 0.22 kB
@n8n/rest-api-client:build: ℹ [ESM] dist\instance-registry.mjs                0.31 kB │ gzip: 0.21 kB
@n8n/rest-api-client:build: ℹ [ESM] dist\module-settings.mjs                  0.30 kB │ gzip: 0.20 kB
@n8n/rest-api-client:build: ℹ [ESM] dist\webhooks.mjs                         0.29 kB │ gzip: 0.21 kB
@n8n/rest-api-client:build: ℹ [ESM] dist\events.mjs                           0.29 kB │ gzip: 0.21 kB
@n8n/rest-api-client:build: ℹ [ESM] dist\settings.mjs                         0.27 kB │ gzip: 0.20 kB
@n8n/rest-api-client:build: ℹ [ESM] dist\ctas.mjs                             0.26 kB │ gzip: 0.20 kB
@n8n/rest-api-client:build: ℹ [ESM] dist\api.mjs                              0.01 kB │ gzip: 0.03 kB
@n8n/rest-api-client:build: ℹ [ESM] dist\index.d.mts                         11.92 kB │ gzip: 2.78 kB
@n8n/rest-api-client:build: ℹ [ESM] dist\api/index.d.mts                     11.51 kB │ gzip: 2.63 kB
@n8n/rest-api-client:build: ℹ [ESM] dist\api/users.d.mts                      1.42 kB │ gzip: 0.45 kB
@n8n/rest-api-client:build: ℹ [ESM] dist\api/secretsProvider.ee.d.mts         1.20 kB │ gzip: 0.26 kB
@n8n/rest-api-client:build: ℹ [ESM] dist\api/templates.d.mts                  1.12 kB │ gzip: 0.33 kB
@n8n/rest-api-client:build: ℹ [ESM] dist\api/workflowHistory.d.mts            0.79 kB │ gzip: 0.26 kB
@n8n/rest-api-client:build: ℹ [ESM] dist\api/breaking-changes.d.mts           0.77 kB │ gzip: 0.32 kB
@n8n/rest-api-client:build: ℹ [ESM] dist\api/dynamic-banners.d.mts            0.75 kB │ gzip: 0.40 kB
@n8n/rest-api-client:build: ℹ [ESM] dist\api/nodeTypes.d.mts                  0.73 kB │ gzip: 0.26 kB
@n8n/rest-api-client:build: ℹ [ESM] dist\api/externalSecrets.ee.d.mts         0.70 kB │ gzip: 0.23 kB
@n8n/rest-api-client:build: ℹ [ESM] dist\api/consent.d.mts                    0.57 kB │ gzip: 0.28 kB
@n8n/rest-api-client:build: ℹ [ESM] dist\api/roleMappingRule.d.mts            0.55 kB │ gzip: 0.19 kB
@n8n/rest-api-client:build: ℹ [ESM] dist\api/credentialResolvers.d.mts        0.48 kB │ gzip: 0.17 kB
@n8n/rest-api-client:build: ℹ [ESM] dist\api/sso.d.mts                        0.48 kB │ gzip: 0.21 kB
@n8n/rest-api-client:build: ℹ [ESM] dist\api/eventbus.ee.d.mts                0.48 kB │ gzip: 0.21 kB
@n8n/rest-api-client:build: ℹ [ESM] dist\utils.d.mts                          0.43 kB │ gzip: 0.23 kB
@n8n/rest-api-client:build: ℹ [ESM] dist\api/cloudPlans.d.mts                 0.43 kB │ gzip: 0.22 kB
@n8n/rest-api-client:build: ℹ [ESM] dist\api/ldap.d.mts                       0.37 kB │ gzip: 0.18 kB
@n8n/rest-api-client:build: ℹ [ESM] dist\api/roles.d.mts                      0.35 kB │ gzip: 0.17 kB
@n8n/rest-api-client:build: ℹ [ESM] dist\api/communityNodes.d.mts             0.33 kB │ gzip: 0.17 kB
@n8n/rest-api-client:build: ℹ [ESM] dist\api/mfa.d.mts                        0.29 kB │ gzip: 0.17 kB
@n8n/rest-api-client:build: ℹ [ESM] dist\api/provisioning.d.mts               0.28 kB │ gzip: 0.13 kB
@n8n/rest-api-client:build: ℹ [ESM] dist\api/usage.d.mts                      0.28 kB │ gzip: 0.16 kB
@n8n/rest-api-client:build: ℹ [ESM] dist\api/versions.d.mts                   0.26 kB │ gzip: 0.14 kB
@n8n/rest-api-client:build: ℹ [ESM] dist\api/api-keys.d.mts                   0.23 kB │ gzip: 0.14 kB
@n8n/rest-api-client:build: ℹ [ESM] dist\api/workflows.d.mts                  0.23 kB │ gzip: 0.13 kB
@n8n/rest-api-client:build: ℹ [ESM] dist\api/security-settings.d.mts          0.18 kB │ gzip: 0.12 kB
@n8n/rest-api-client:build: ℹ [ESM] dist\api/instance-version-history.d.mts   0.13 kB │ gzip: 0.12 kB
@n8n/rest-api-client:build: ℹ [ESM] dist\api/third-party-licenses.d.mts       0.13 kB │ gzip: 0.10 kB
@n8n/rest-api-client:build: ℹ [ESM] dist\api/orchestration.d.mts              0.12 kB │ gzip: 0.10 kB
@n8n/rest-api-client:build: ℹ [ESM] dist\api/ai-usage.d.mts                   0.12 kB │ gzip: 0.10 kB
@n8n/rest-api-client:build: ℹ [ESM] dist\api/ui.d.mts                         0.12 kB │ gzip: 0.10 kB
@n8n/rest-api-client:build: ℹ [ESM] dist\api/module-settings.d.mts            0.12 kB │ gzip: 0.10 kB
@n8n/rest-api-client:build: ℹ [ESM] dist\api/npsSurvey.d.mts                  0.12 kB │ gzip: 0.10 kB
@n8n/rest-api-client:build: ℹ [ESM] dist\api/instance-registry.d.mts          0.11 kB │ gzip: 0.10 kB
@n8n/rest-api-client:build: ℹ [ESM] dist\api/ctas.d.mts                       0.11 kB │ gzip: 0.10 kB
@n8n/rest-api-client:build: ℹ [ESM] dist\api/events.d.mts                     0.10 kB │ gzip: 0.09 kB
@n8n/rest-api-client:build: ℹ [ESM] dist\api/settings.d.mts                   0.10 kB │ gzip: 0.09 kB
@n8n/rest-api-client:build: ℹ [ESM] dist\api/webhooks.d.mts                   0.10 kB │ gzip: 0.09 kB
@n8n/rest-api-client:build: ℹ [ESM] dist\types.d.mts                          0.08 kB │ gzip: 0.08 kB
@n8n/rest-api-client:build: ℹ [ESM] dist\api/tags.d.mts                       0.06 kB │ gzip: 0.07 kB
@n8n/rest-api-client:build: ℹ [ESM] dist\api/execution.d.mts                  0.01 kB │ gzip: 0.03 kB
@n8n/rest-api-client:build: ℹ [ESM] dist\users.d.mts                          5.62 kB │ gzip: 1.28 kB
@n8n/rest-api-client:build: ℹ [ESM] dist\templates.d.mts                      4.35 kB │ gzip: 1.11 kB
@n8n/rest-api-client:build: ℹ [ESM] dist\secretsProvider.ee.d.mts             3.35 kB │ gzip: 0.57 kB
@n8n/rest-api-client:build: ℹ [ESM] dist\workflowHistory.d.mts                2.57 kB │ gzip: 0.76 kB
@n8n/rest-api-client:build: ℹ [ESM] dist\cloudPlans.d.mts                     2.39 kB │ gzip: 0.91 kB
@n8n/rest-api-client:build: ℹ [ESM] dist\nodeTypes.d.mts                      2.31 kB │ gzip: 0.62 kB
@n8n/rest-api-client:build: ℹ [ESM] dist\utils2.d.mts                         2.25 kB │ gzip: 0.81 kB
@n8n/rest-api-client:build: ℹ [ESM] dist\externalSecrets.ee.d.mts             1.96 kB │ gzip: 0.48 kB
@n8n/rest-api-client:build: ℹ [ESM] dist\ldap.d.mts                           1.75 kB │ gzip: 0.62 kB
@n8n/rest-api-client:build: ℹ [ESM] dist\roleMappingRule.d.mts                1.61 kB │ gzip: 0.46 kB
@n8n/rest-api-client:build: ℹ [ESM] dist\sso.d.mts                            1.56 kB │ gzip: 0.48 kB
@n8n/rest-api-client:build: ℹ [ESM] dist\credentialResolvers.d.mts            1.52 kB │ gzip: 0.43 kB
@n8n/rest-api-client:build: ℹ [ESM] dist\workflows.d.mts                      1.33 kB │ gzip: 0.49 kB
@n8n/rest-api-client:build: ℹ [ESM] dist\versions.d.mts                       1.31 kB │ gzip: 0.51 kB
@n8n/rest-api-client:build: ℹ [ESM] dist\eventbus.ee.d.mts                    1.29 kB │ gzip: 0.42 kB
@n8n/rest-api-client:build: ℹ [ESM] dist\roles.d.mts                          1.22 kB │ gzip: 0.40 kB
@n8n/rest-api-client:build: ℹ [ESM] dist\api-keys.d.mts                       0.97 kB │ gzip: 0.39 kB
@n8n/rest-api-client:build: ℹ [ESM] dist\mfa.d.mts                            0.94 kB │ gzip: 0.37 kB
@n8n/rest-api-client:build: ℹ [ESM] dist\communityNodes.d.mts                 0.91 kB │ gzip: 0.36 kB
@n8n/rest-api-client:build: ℹ [ESM] dist\usage.d.mts                          0.91 kB │ gzip: 0.36 kB
@n8n/rest-api-client:build: ℹ [ESM] dist\provisioning.d.mts                   0.85 kB │ gzip: 0.34 kB
@n8n/rest-api-client:build: ℹ [ESM] dist\security-settings.d.mts              0.53 kB │ gzip: 0.25 kB
@n8n/rest-api-client:build: ℹ [ESM] dist\webhooks.d.mts                       0.47 kB │ gzip: 0.28 kB
@n8n/rest-api-client:build: ℹ [ESM] dist\ui.d.mts                             0.36 kB │ gzip: 0.25 kB
@n8n/rest-api-client:build: ℹ [ESM] dist\instance-version-history.d.mts       0.36 kB │ gzip: 0.24 kB
@n8n/rest-api-client:build: ℹ [ESM] dist\ai-usage.d.mts                       0.35 kB │ gzip: 0.23 kB
@n8n/rest-api-client:build: ℹ [ESM] dist\module-settings.d.mts                0.34 kB │ gzip: 0.22 kB
@n8n/rest-api-client:build: ℹ [ESM] dist\instance-registry.d.mts              0.33 kB │ gzip: 0.22 kB
@n8n/rest-api-client:build: ℹ [ESM] dist\npsSurvey.d.mts                      0.33 kB │ gzip: 0.22 kB
@n8n/rest-api-client:build: ℹ [ESM] dist\settings.d.mts                       0.30 kB │ gzip: 0.21 kB
@n8n/rest-api-client:build: ℹ [ESM] dist\third-party-licenses.d.mts           0.28 kB │ gzip: 0.20 kB
@n8n/rest-api-client:build: ℹ [ESM] dist\orchestration.d.mts                  0.27 kB │ gzip: 0.20 kB
@n8n/rest-api-client:build: ℹ [ESM] dist\ctas.d.mts                           0.25 kB │ gzip: 0.19 kB
@n8n/rest-api-client:build: ℹ [ESM] dist\events.d.mts                         0.24 kB │ gzip: 0.18 kB
@n8n/rest-api-client:build: ℹ [ESM] dist\tags.d.mts                           0.21 kB │ gzip: 0.16 kB
@n8n/rest-api-client:build: ℹ [ESM] dist\types2.d.mts                         0.18 kB │ gzip: 0.15 kB
@n8n/rest-api-client:build: ℹ [ESM] dist\index2.d.mts                         0.01 kB │ gzip: 0.03 kB
@n8n/rest-api-client:build: ℹ [ESM] 191 files, total: 247.86 kB
@n8n/rest-api-client:build: ℹ [CJS] dist\index.d.cts                         11.92 kB │ gzip: 2.78 kB
@n8n/rest-api-client:build: ℹ [CJS] dist\api/index.d.cts                     11.51 kB │ gzip: 2.63 kB
@n8n/rest-api-client:build: ℹ [CJS] dist\api/users.d.cts                      1.42 kB │ gzip: 0.46 kB
@n8n/rest-api-client:build: ℹ [CJS] dist\api/secretsProvider.ee.d.cts         1.20 kB │ gzip: 0.26 kB
@n8n/rest-api-client:build: ℹ [CJS] dist\api/templates.d.cts                  1.12 kB │ gzip: 0.33 kB
@n8n/rest-api-client:build: ℹ [CJS] dist\api/workflowHistory.d.cts            0.79 kB │ gzip: 0.26 kB
@n8n/rest-api-client:build: ℹ [CJS] dist\api/breaking-changes.d.cts           0.77 kB │ gzip: 0.32 kB
@n8n/rest-api-client:build: ℹ [CJS] dist\api/dynamic-banners.d.cts            0.75 kB │ gzip: 0.40 kB
@n8n/rest-api-client:build: ℹ [CJS] dist\api/nodeTypes.d.cts                  0.73 kB │ gzip: 0.26 kB
@n8n/rest-api-client:build: ℹ [CJS] dist\api/externalSecrets.ee.d.cts         0.70 kB │ gzip: 0.23 kB
@n8n/rest-api-client:build: ℹ [CJS] dist\api/consent.d.cts                    0.57 kB │ gzip: 0.28 kB
@n8n/rest-api-client:build: ℹ [CJS] dist\api/roleMappingRule.d.cts            0.55 kB │ gzip: 0.19 kB
@n8n/rest-api-client:build: ℹ [CJS] dist\api/credentialResolvers.d.cts        0.48 kB │ gzip: 0.17 kB
@n8n/rest-api-client:build: ℹ [CJS] dist\api/sso.d.cts                        0.48 kB │ gzip: 0.21 kB
@n8n/rest-api-client:build: ℹ [CJS] dist\api/eventbus.ee.d.cts                0.48 kB │ gzip: 0.21 kB
@n8n/rest-api-client:build: ℹ [CJS] dist\utils.d.cts                          0.43 kB │ gzip: 0.23 kB
@n8n/rest-api-client:build: ℹ [CJS] dist\api/cloudPlans.d.cts                 0.43 kB │ gzip: 0.22 kB
@n8n/rest-api-client:build: ℹ [CJS] dist\api/ldap.d.cts                       0.37 kB │ gzip: 0.18 kB
@n8n/rest-api-client:build: ℹ [CJS] dist\api/roles.d.cts                      0.35 kB │ gzip: 0.17 kB
@n8n/rest-api-client:build: ℹ [CJS] dist\api/communityNodes.d.cts             0.33 kB │ gzip: 0.17 kB
@n8n/rest-api-client:build: ℹ [CJS] dist\api/mfa.d.cts                        0.29 kB │ gzip: 0.17 kB
@n8n/rest-api-client:build: ℹ [CJS] dist\api/provisioning.d.cts               0.28 kB │ gzip: 0.13 kB
@n8n/rest-api-client:build: ℹ [CJS] dist\api/usage.d.cts                      0.28 kB │ gzip: 0.16 kB
@n8n/rest-api-client:build: ℹ [CJS] dist\api/versions.d.cts                   0.26 kB │ gzip: 0.14 kB
@n8n/rest-api-client:build: ℹ [CJS] dist\api/api-keys.d.cts                   0.23 kB │ gzip: 0.14 kB
@n8n/rest-api-client:build: ℹ [CJS] dist\api/workflows.d.cts                  0.23 kB │ gzip: 0.13 kB
@n8n/rest-api-client:build: ℹ [CJS] dist\api/security-settings.d.cts          0.18 kB │ gzip: 0.12 kB
@n8n/rest-api-client:build: ℹ [CJS] dist\api/instance-version-history.d.cts   0.13 kB │ gzip: 0.12 kB
@n8n/rest-api-client:build: ℹ [CJS] dist\api/third-party-licenses.d.cts       0.13 kB │ gzip: 0.10 kB
@n8n/rest-api-client:build: ℹ [CJS] dist\api/orchestration.d.cts              0.12 kB │ gzip: 0.10 kB
@n8n/rest-api-client:build: ℹ [CJS] dist\api/ai-usage.d.cts                   0.12 kB │ gzip: 0.10 kB
@n8n/rest-api-client:build: ℹ [CJS] dist\api/ui.d.cts                         0.12 kB │ gzip: 0.10 kB
@n8n/rest-api-client:build: ℹ [CJS] dist\api/module-settings.d.cts            0.12 kB │ gzip: 0.10 kB
@n8n/rest-api-client:build: ℹ [CJS] dist\api/npsSurvey.d.cts                  0.12 kB │ gzip: 0.10 kB
@n8n/rest-api-client:build: ℹ [CJS] dist\api/instance-registry.d.cts          0.11 kB │ gzip: 0.10 kB
@n8n/rest-api-client:build: ℹ [CJS] dist\api/ctas.d.cts                       0.11 kB │ gzip: 0.10 kB
@n8n/rest-api-client:build: ℹ [CJS] dist\api/events.d.cts                     0.10 kB │ gzip: 0.09 kB
@n8n/rest-api-client:build: ℹ [CJS] dist\api/settings.d.cts                   0.10 kB │ gzip: 0.09 kB
@n8n/rest-api-client:build: ℹ [CJS] dist\api/webhooks.d.cts                   0.10 kB │ gzip: 0.09 kB
@n8n/rest-api-client:build: ℹ [CJS] dist\types.d.cts                          0.08 kB │ gzip: 0.08 kB
@n8n/rest-api-client:build: ℹ [CJS] dist\api/tags.d.cts                       0.06 kB │ gzip: 0.07 kB
@n8n/rest-api-client:build: ℹ [CJS] dist\api/execution.d.cts                  0.01 kB │ gzip: 0.03 kB
@n8n/rest-api-client:build: ℹ [CJS] dist\users.d.cts                          5.62 kB │ gzip: 1.28 kB
@n8n/rest-api-client:build: ℹ [CJS] dist\templates.d.cts                      4.35 kB │ gzip: 1.11 kB
@n8n/rest-api-client:build: ℹ [CJS] dist\secretsProvider.ee.d.cts             3.35 kB │ gzip: 0.57 kB
@n8n/rest-api-client:build: ℹ [CJS] dist\workflowHistory.d.cts                2.57 kB │ gzip: 0.76 kB
@n8n/rest-api-client:build: ℹ [CJS] dist\cloudPlans.d.cts                     2.39 kB │ gzip: 0.91 kB
@n8n/rest-api-client:build: ℹ [CJS] dist\nodeTypes.d.cts                      2.31 kB │ gzip: 0.61 kB
@n8n/rest-api-client:build: ℹ [CJS] dist\utils2.d.cts                         2.25 kB │ gzip: 0.81 kB
@n8n/rest-api-client:build: ℹ [CJS] dist\externalSecrets.ee.d.cts             1.96 kB │ gzip: 0.48 kB
@n8n/rest-api-client:build: ℹ [CJS] dist\ldap.d.cts                           1.75 kB │ gzip: 0.62 kB
@n8n/rest-api-client:build: ℹ [CJS] dist\roleMappingRule.d.cts                1.61 kB │ gzip: 0.46 kB
@n8n/rest-api-client:build: ℹ [CJS] dist\sso.d.cts                            1.56 kB │ gzip: 0.48 kB
@n8n/rest-api-client:build: ℹ [CJS] dist\credentialResolvers.d.cts            1.52 kB │ gzip: 0.43 kB
@n8n/rest-api-client:build: ℹ [CJS] dist\workflows.d.cts                      1.33 kB │ gzip: 0.49 kB
@n8n/rest-api-client:build: ℹ [CJS] dist\versions.d.cts                       1.31 kB │ gzip: 0.51 kB
@n8n/rest-api-client:build: ℹ [CJS] dist\eventbus.ee.d.cts                    1.29 kB │ gzip: 0.42 kB
@n8n/rest-api-client:build: ℹ [CJS] dist\roles.d.cts                          1.22 kB │ gzip: 0.40 kB
@n8n/rest-api-client:build: ℹ [CJS] dist\api-keys.d.cts                       0.97 kB │ gzip: 0.39 kB
@n8n/rest-api-client:build: ℹ [CJS] dist\mfa.d.cts                            0.94 kB │ gzip: 0.37 kB
@n8n/rest-api-client:build: ℹ [CJS] dist\communityNodes.d.cts                 0.91 kB │ gzip: 0.36 kB
@n8n/rest-api-client:build: ℹ [CJS] dist\usage.d.cts                          0.91 kB │ gzip: 0.36 kB
@n8n/rest-api-client:build: ℹ [CJS] dist\provisioning.d.cts                   0.85 kB │ gzip: 0.34 kB
@n8n/rest-api-client:build: ℹ [CJS] dist\security-settings.d.cts              0.53 kB │ gzip: 0.25 kB
@n8n/rest-api-client:build: ℹ [CJS] dist\webhooks.d.cts                       0.47 kB │ gzip: 0.28 kB
@n8n/rest-api-client:build: ℹ [CJS] dist\ui.d.cts                             0.36 kB │ gzip: 0.25 kB
@n8n/rest-api-client:build: ℹ [CJS] dist\instance-version-history.d.cts       0.36 kB │ gzip: 0.24 kB
@n8n/rest-api-client:build: ℹ [CJS] dist\ai-usage.d.cts                       0.35 kB │ gzip: 0.23 kB
@n8n/rest-api-client:build: ℹ [CJS] dist\module-settings.d.cts                0.34 kB │ gzip: 0.22 kB
@n8n/rest-api-client:build: ℹ [CJS] dist\instance-registry.d.cts              0.33 kB │ gzip: 0.22 kB
@n8n/rest-api-client:build: ℹ [CJS] dist\npsSurvey.d.cts                      0.33 kB │ gzip: 0.22 kB
@n8n/rest-api-client:build: ℹ [CJS] dist\settings.d.cts                       0.30 kB │ gzip: 0.20 kB
@n8n/rest-api-client:build: ℹ [CJS] dist\third-party-licenses.d.cts           0.28 kB │ gzip: 0.20 kB
@n8n/rest-api-client:build: ℹ [CJS] dist\orchestration.d.cts                  0.27 kB │ gzip: 0.20 kB
@n8n/rest-api-client:build: ℹ [CJS] dist\ctas.d.cts                           0.25 kB │ gzip: 0.19 kB
@n8n/rest-api-client:build: ℹ [CJS] dist\events.d.cts                         0.24 kB │ gzip: 0.18 kB
@n8n/rest-api-client:build: ℹ [CJS] dist\tags.d.cts                           0.21 kB │ gzip: 0.16 kB
@n8n/rest-api-client:build: ℹ [CJS] dist\types2.d.cts                         0.18 kB │ gzip: 0.15 kB
@n8n/rest-api-client:build: ℹ [CJS] dist\index2.d.cts                         0.01 kB │ gzip: 0.03 kB
@n8n/rest-api-client:build: ℹ [CJS] 79 files, total: 84.46 kB
@n8n/rest-api-client:build: ✔ Build complete in 5084ms
n8n-core:build: cache hit, replaying logs e5d113ff121a5da4
n8n-core:build: 
n8n-core:build: > n8n-core@2.23.0 build C:\Users\Acer\n8n-Docker\packages\core
n8n-core:build: > tsc -p tsconfig.build.json && tsc-alias -p tsconfig.build.json
n8n-core:build: 
@n8n/task-runner:build: cache hit, replaying logs 8967899cd4940a17
@n8n/task-runner:build: 
@n8n/task-runner:build: > @n8n/task-runner@2.23.0 build C:\Users\Acer\n8n-Docker\packages\@n8n\task-runner
@n8n/task-runner:build: > tsc -p ./tsconfig.build.json && tsc-alias -p tsconfig.build.json
@n8n/task-runner:build: 
@n8n/ai-workflow-builder:build: cache hit, replaying logs 89fd1a25b4a2f239
@n8n/ai-workflow-builder:build: 
@n8n/ai-workflow-builder:build: > @n8n/ai-workflow-builder@1.23.0 build C:\Users\Acer\n8n-Docker\packages\@n8n\ai-workflow-builder.ee
@n8n/ai-workflow-builder:build: > tsc -p ./tsconfig.build.json && tsc-alias -p tsconfig.build.json
@n8n/ai-workflow-builder:build: 
@n8n/instance-ai:build: cache hit, replaying logs 4b4f8adc6f850608
@n8n/instance-ai:build: 
@n8n/instance-ai:build: > @n8n/instance-ai@1.8.0 build C:\Users\Acer\n8n-Docker\packages\@n8n\instance-ai
@n8n/instance-ai:build: > tsc -p ./tsconfig.build.json && tsc-alias -p tsconfig.build.json
@n8n/instance-ai:build: 
n8n-editor-ui:build: cache hit, replaying logs d6f01040f91f5ea9
n8n-editor-ui:build: 
n8n-editor-ui:build: > n8n-editor-ui@2.23.0 build C:\Users\Acer\n8n-Docker\packages\frontend\editor-ui
n8n-editor-ui:build: > cross-env VUE_APP_PUBLIC_PATH="/{{BASE_PATH}}/" NODE_OPTIONS="--max-old-space-size=8192" vite build
n8n-editor-ui:build: 
n8n-editor-ui:build: [2m08.10.18[22m [33m[1m[vite][22m[39m [33mwarning: `esbuild` option was specified by "vite-plugin-node-polyfills" plugin. This option is deprecated, please use `oxc` instead.[39m
n8n-editor-ui:build: [36mvite v8.0.2 [32mbuilding client environment for production...[36m[39m
n8n-editor-ui:build: <script src="/{{BASE_PATH}}/static/base-path.js"> in "/index.html" can't be bundled without type="module" attribute
n8n-editor-ui:build: <script src="/{{BASE_PATH}}/static/posthog.init.js"> in "/index.html" can't be bundled without type="module" attribute
n8n-editor-ui:build: 
n8n-editor-ui:build: /{{BASE_PATH}}/static/prefers-color-scheme.css doesn't exist at build time, it will remain unchanged to be resolved at runtime
n8n-editor-ui:build: [33m[plugin rolldown:vite-resolve] Module "os" has been externalized for browser compatibility, imported by "C:/Users/Acer/n8n-Docker/node_modules/.pnpm/recast@0.22.0/node_modules/recast/lib/util.js". See https://vite.dev/guide/troubleshooting.html#module-externalized-for-browser-compatibility for more details.[39m
n8n-editor-ui:build: [33m[33m[PLUGIN_TIMINGS] Warning:[0m Your build spent significant time in plugin `vite:css-post`. See https://rolldown.rs/options/checks#plugintimings for more details.
n8n-editor-ui:build: [39m
n8n-editor-ui:build: [33m[plugin rolldown:vite-resolve] Module "os" has been externalized for browser compatibility, imported by "C:/Users/Acer/n8n-Docker/node_modules/.pnpm/recast@0.22.0/node_modules/recast/lib/util.js". See https://vite.dev/guide/troubleshooting.html#module-externalized-for-browser-compatibility for more details.[39m
n8n-editor-ui:build: [33m[plugin rolldown:vite-resolve] Module "child_process" has been externalized for browser compatibility, imported by "C:/Users/Acer/n8n-Docker/node_modules/.pnpm/cron@4.4.0/node_modules/cron/dist/job.js". See https://vite.dev/guide/troubleshooting.html#module-externalized-for-browser-compatibility for more details.[39m
n8n-editor-ui:build: [33m[33m[PLUGIN_TIMINGS] Warning:[0m Your build spent significant time in plugins. Here is a breakdown:
n8n-editor-ui:build:   - rolldown:vite-resolve (53%)
n8n-editor-ui:build:   - vite:asset-import-meta-url (27%)
n8n-editor-ui:build: See https://rolldown.rs/options/checks#plugintimings for more details.
n8n-editor-ui:build: [39m
n8n-editor-ui:build: [33m[plugin rolldown:vite-resolve] Module "os" has been externalized for browser compatibility, imported by "C:/Users/Acer/n8n-Docker/node_modules/.pnpm/recast@0.22.0/node_modules/recast/lib/util.js". See https://vite.dev/guide/troubleshooting.html#module-externalized-for-browser-compatibility for more details.[39m
n8n-editor-ui:build: DEPRECATION WARNING [global-builtin]: Global built-in functions are deprecated and will be removed in Dart Sass 3.0.0.
n8n-editor-ui:build: Use color.mix instead.
n8n-editor-ui:build: 
n8n-editor-ui:build: More info and automated migrator: https://sass-lang.com/d/import
n8n-editor-ui:build: 
n8n-editor-ui:build:    ╷
n8n-editor-ui:build: 63 │ ┌           mix(
n8n-editor-ui:build: 64 │ │             $mix-color,
n8n-editor-ui:build: 65 │ │             map.get($colors, $type, 'base'),
n8n-editor-ui:build: 66 │ │             math.percentage(math.div($number, 10))
n8n-editor-ui:build: 67 │ │           ),
n8n-editor-ui:build:    │ └───────────^
n8n-editor-ui:build:    ╵
n8n-editor-ui:build:     ..\..\..\..\..\element-plus@2.4.3_patch_ha_ad2671a9dc4701bd91b53b83324d31e0\node_modules\element-plus\theme-chalk\src\common\var.scss 63:11   set-color-mix-level()
n8n-editor-ui:build:     ..\..\..\..\..\element-plus@2.4.3_patch_ha_ad2671a9dc4701bd91b53b83324d31e0\node_modules\element-plus\theme-chalk\src\common\var.scss 87:5    @use
n8n-editor-ui:build:     ..\..\..\..\..\element-plus@2.4.3_patch_ha_ad2671a9dc4701bd91b53b83324d31e0\node_modules\element-plus\theme-chalk\src\mixins\mixins.scss 2:1  @use
n8n-editor-ui:build:     ..\..\..\..\..\element-plus@2.4.3_patch_ha_ad2671a9dc4701bd91b53b83324d31e0\node_modules\element-plus\theme-chalk\src\slider.scss 3:1         @use
n8n-editor-ui:build:     C:\Users\Acer\n8n-Docker\packages\frontend\@n8n\design-system\src\css\slider.scss 7:1                                                         @use
n8n-editor-ui:build:     C:\Users\Acer\n8n-Docker\packages\frontend\@n8n\design-system\src\css\index.scss 18:1                                                         root stylesheet
n8n-editor-ui:build: 
n8n-editor-ui:build: DEPRECATION WARNING [global-builtin]: Global built-in functions are deprecated and will be removed in Dart Sass 3.0.0.
n8n-editor-ui:build: Use meta.inspect instead.
n8n-editor-ui:build: 
n8n-editor-ui:build: More info and automated migrator: https://sass-lang.com/d/import
n8n-editor-ui:build: 
n8n-editor-ui:build:   ╷
n8n-editor-ui:build: 5 │   $selector: inspect($selector);
n8n-editor-ui:build:   │              ^^^^^^^^^^^^^^^^^^
n8n-editor-ui:build:   ╵
n8n-editor-ui:build:     ..\..\..\..\..\element-plus@2.4.3_patch_ha_ad2671a9dc4701bd91b53b83324d31e0\node_modules\element-plus\theme-chalk\src\mixins\function.scss 5:14   selectorToString()
n8n-editor-ui:build:     ..\..\..\..\..\element-plus@2.4.3_patch_ha_ad2671a9dc4701bd91b53b83324d31e0\node_modules\element-plus\theme-chalk\src\mixins\function.scss 11:14  containsModifier()
n8n-editor-ui:build:     ..\..\..\..\..\element-plus@2.4.3_patch_ha_ad2671a9dc4701bd91b53b83324d31e0\node_modules\element-plus\theme-chalk\src\mixins\function.scss 41:11  hitAllSpecialNestRule()
n8n-editor-ui:build:     ..\..\..\..\..\element-plus@2.4.3_patch_ha_ad2671a9dc4701bd91b53b83324d31e0\node_modules\element-plus\theme-chalk\src\mixins\mixins.scss 77:7     e()
n8n-editor-ui:build:     ..\..\..\..\..\element-plus@2.4.3_patch_ha_ad2671a9dc4701bd91b53b83324d31e0\node_modules\element-plus\theme-chalk\src\slider.scss 28:3            @content
n8n-editor-ui:build:     ..\..\..\..\..\element-plus@2.4.3_patch_ha_ad2671a9dc4701bd91b53b83324d31e0\node_modules\element-plus\theme-chalk\src\mixins\mixins.scss 60:5     b()
n8n-editor-ui:build:     ..\..\..\..\..\element-plus@2.4.3_patch_ha_ad2671a9dc4701bd91b53b83324d31e0\node_modules\element-plus\theme-chalk\src\slider.scss 22:1            @use
n8n-editor-ui:build:     C:\Users\Acer\n8n-Docker\packages\frontend\@n8n\design-system\src\css\slider.scss 7:1                                                             @use
n8n-editor-ui:build:     C:\Users\Acer\n8n-Docker\packages\frontend\@n8n\design-system\src\css\index.scss 18:1                                                             root stylesheet
n8n-editor-ui:build: 
n8n-editor-ui:build: DEPRECATION WARNING [global-builtin]: Global built-in functions are deprecated and will be removed in Dart Sass 3.0.0.
n8n-editor-ui:build: Use string.slice instead.
n8n-editor-ui:build: 
n8n-editor-ui:build: More info and automated migrator: https://sass-lang.com/d/import
n8n-editor-ui:build: 
n8n-editor-ui:build:   ╷
n8n-editor-ui:build: 6 │   $selector: str-slice($selector, 2, -2);
n8n-editor-ui:build:   │              ^^^^^^^^^^^^^^^^^^^^^^^^^^^
n8n-editor-ui:build:   ╵
n8n-editor-ui:build:     ..\..\..\..\..\element-plus@2.4.3_patch_ha_ad2671a9dc4701bd91b53b83324d31e0\node_modules\element-plus\theme-chalk\src\mixins\function.scss 6:14   selectorToString()
n8n-editor-ui:build:     ..\..\..\..\..\element-plus@2.4.3_patch_ha_ad2671a9dc4701bd91b53b83324d31e0\node_modules\element-plus\theme-chalk\src\mixins\function.scss 11:14  containsModifier()
n8n-editor-ui:build:     ..\..\..\..\..\element-plus@2.4.3_patch_ha_ad2671a9dc4701bd91b53b83324d31e0\node_modules\element-plus\theme-chalk\src\mixins\function.scss 41:11  hitAllSpecialNestRule()
n8n-editor-ui:build:     ..\..\..\..\..\element-plus@2.4.3_patch_ha_ad2671a9dc4701bd91b53b83324d31e0\node_modules\element-plus\theme-chalk\src\mixins\mixins.scss 77:7     e()
n8n-editor-ui:build:     ..\..\..\..\..\element-plus@2.4.3_patch_ha_ad2671a9dc4701bd91b53b83324d31e0\node_modules\element-plus\theme-chalk\src\slider.scss 28:3            @content
n8n-editor-ui:build:     ..\..\..\..\..\element-plus@2.4.3_patch_ha_ad2671a9dc4701bd91b53b83324d31e0\node_modules\element-plus\theme-chalk\src\mixins\mixins.scss 60:5     b()
n8n-editor-ui:build:     ..\..\..\..\..\element-plus@2.4.3_patch_ha_ad2671a9dc4701bd91b53b83324d31e0\node_modules\element-plus\theme-chalk\src\slider.scss 22:1            @use
n8n-editor-ui:build:     C:\Users\Acer\n8n-Docker\packages\frontend\@n8n\design-system\src\css\slider.scss 7:1                                                             @use
n8n-editor-ui:build:     C:\Users\Acer\n8n-Docker\packages\frontend\@n8n\design-system\src\css\index.scss 18:1                                                             root stylesheet
n8n-editor-ui:build: 
n8n-editor-ui:build: DEPRECATION WARNING [global-builtin]: Global built-in functions are deprecated and will be removed in Dart Sass 3.0.0.
n8n-editor-ui:build: Use string.index instead.
n8n-editor-ui:build: 
n8n-editor-ui:build: More info and automated migrator: https://sass-lang.com/d/import
n8n-editor-ui:build: 
n8n-editor-ui:build:    ╷
n8n-editor-ui:build: 13 │   @if str-index($selector, config.$modifier-separator) {
n8n-editor-ui:build:    │       ^^^^^^^^^^^^^^^^^^^^^^^^^^^^^^^^^^^^^^^^^^^^^^^^
n8n-editor-ui:build:    ╵
n8n-editor-ui:build:     ..\..\..\..\..\element-plus@2.4.3_patch_ha_ad2671a9dc4701bd91b53b83324d31e0\node_modules\element-plus\theme-chalk\src\mixins\function.scss 13:7   containsModifier()
n8n-editor-ui:build:     ..\..\..\..\..\element-plus@2.4.3_patch_ha_ad2671a9dc4701bd91b53b83324d31e0\node_modules\element-plus\theme-chalk\src\mixins\function.scss 41:11  hitAllSpecialNestRule()
n8n-editor-ui:build:     ..\..\..\..\..\element-plus@2.4.3_patch_ha_ad2671a9dc4701bd91b53b83324d31e0\node_modules\element-plus\theme-chalk\src\mixins\mixins.scss 77:7     e()
n8n-editor-ui:build:     ..\..\..\..\..\element-plus@2.4.3_patch_ha_ad2671a9dc4701bd91b53b83324d31e0\node_modules\element-plus\theme-chalk\src\slider.scss 28:3            @content
n8n-editor-ui:build:     ..\..\..\..\..\element-plus@2.4.3_patch_ha_ad2671a9dc4701bd91b53b83324d31e0\node_modules\element-plus\theme-chalk\src\mixins\mixins.scss 60:5     b()
n8n-editor-ui:build:     ..\..\..\..\..\element-plus@2.4.3_patch_ha_ad2671a9dc4701bd91b53b83324d31e0\node_modules\element-plus\theme-chalk\src\slider.scss 22:1            @use
n8n-editor-ui:build:     C:\Users\Acer\n8n-Docker\packages\frontend\@n8n\design-system\src\css\slider.scss 7:1                                                             @use
n8n-editor-ui:build:     C:\Users\Acer\n8n-Docker\packages\frontend\@n8n\design-system\src\css\index.scss 18:1                                                             root stylesheet
n8n-editor-ui:build: 
n8n-editor-ui:build: DEPRECATION WARNING [global-builtin]: Global built-in functions are deprecated and will be removed in Dart Sass 3.0.0.
n8n-editor-ui:build: Use string.index instead.
n8n-editor-ui:build: 
n8n-editor-ui:build: More info and automated migrator: https://sass-lang.com/d/import
n8n-editor-ui:build: 
n8n-editor-ui:build:    ╷
n8n-editor-ui:build: 23 │   @if str-index($selector, '.' + config.$state-prefix) {
n8n-editor-ui:build:    │       ^^^^^^^^^^^^^^^^^^^^^^^^^^^^^^^^^^^^^^^^^^^^^^^^
n8n-editor-ui:build:    ╵
n8n-editor-ui:build:     ..\..\..\..\..\element-plus@2.4.3_patch_ha_ad2671a9dc4701bd91b53b83324d31e0\node_modules\element-plus\theme-chalk\src\mixins\function.scss 23:7   containWhenFlag()
n8n-editor-ui:build:     ..\..\..\..\..\element-plus@2.4.3_patch_ha_ad2671a9dc4701bd91b53b83324d31e0\node_modules\element-plus\theme-chalk\src\mixins\function.scss 41:42  hitAllSpecialNestRule()
n8n-editor-ui:build:     ..\..\..\..\..\element-plus@2.4.3_patch_ha_ad2671a9dc4701bd91b53b83324d31e0\node_modules\element-plus\theme-chalk\src\mixins\mixins.scss 77:7     e()
n8n-editor-ui:build:     ..\..\..\..\..\element-plus@2.4.3_patch_ha_ad2671a9dc4701bd91b53b83324d31e0\node_modules\element-plus\theme-chalk\src\slider.scss 28:3            @content
n8n-editor-ui:build:     ..\..\..\..\..\element-plus@2.4.3_patch_ha_ad2671a9dc4701bd91b53b83324d31e0\node_modules\element-plus\theme-chalk\src\mixins\mixins.scss 60:5     b()
n8n-editor-ui:build:     ..\..\..\..\..\element-plus@2.4.3_patch_ha_ad2671a9dc4701bd91b53b83324d31e0\node_modules\element-plus\theme-chalk\src\slider.scss 22:1            @use
n8n-editor-ui:build:     C:\Users\Acer\n8n-Docker\packages\frontend\@n8n\design-system\src\css\slider.scss 7:1                                                             @use
n8n-editor-ui:build:     C:\Users\Acer\n8n-Docker\packages\frontend\@n8n\design-system\src\css\index.scss 18:1                                                             root stylesheet
n8n-editor-ui:build: 
n8n-editor-ui:build: WARNING: 1 repetitive deprecation warnings omitted.
n8n-editor-ui:build: Run in verbose mode to see all warnings.
n8n-editor-ui:build: 
n8n-editor-ui:build: [2Kn8n-editor-ui:build: transforming...✓ 8257 modules transformed.
n8n-editor-ui:build: rendering chunks...
n8n-editor-ui:build: [36m[vite-plugin-static-copy][39m [32mCopied 4 items.[39m
n8n-editor-ui:build: computing gzip size...
n8n-editor-ui:build: dist/assets/KaTeX_Size3-Regular-CTq5MqoE.woff                            4.42 kB
n8n-editor-ui:build: dist/assets/KaTeX_Size4-Regular-Dl5lxZxV.woff2                           4.92 kB
n8n-editor-ui:build: dist/assets/KaTeX_Size2-Regular-Dy4dx90m.woff2                           5.20 kB
n8n-editor-ui:build: dist/assets/KaTeX_Size1-Regular-mCD8mA8B.woff2                           5.46 kB
n8n-editor-ui:build: dist/assets/KaTeX_Size4-Regular-BF-4gkZK.woff                            5.98 kB
n8n-editor-ui:build: dist/assets/KaTeX_Size2-Regular-oD1tc_U0.woff                            6.18 kB
n8n-editor-ui:build: dist/assets/KaTeX_Size1-Regular-C195tn64.woff                            6.49 kB
n8n-editor-ui:build: dist/assets/KaTeX_Caligraphic-Regular-Di6jR-x-.woff2                     6.90 kB
n8n-editor-ui:build: dist/assets/KaTeX_Caligraphic-Bold-Dq_IR9rO.woff2                        6.91 kB
n8n-editor-ui:build: dist/assets/KaTeX_Size3-Regular-DgpXs0kz.ttf                             7.58 kB
n8n-editor-ui:build: dist/assets/KaTeX_Caligraphic-Regular-CTRA-rTL.woff                      7.65 kB
n8n-editor-ui:build: dist/assets/KaTeX_Caligraphic-Bold-BEiXGLvX.woff                         7.71 kB
n8n-editor-ui:build: dist/assets/KaTeX_Script-Regular-D3wIWfF6.woff2                          9.64 kB
n8n-editor-ui:build: dist/assets/KaTeX_SansSerif-Regular-DDBCnlJ7.woff2                      10.34 kB
n8n-editor-ui:build: dist/assets/KaTeX_Size4-Regular-DWFBv043.ttf                            10.36 kB
n8n-editor-ui:build: dist/assets/KaTeX_Script-Regular-D5yQViql.woff                          10.58 kB
n8n-editor-ui:build: dist/assets/KaTeX_Fraktur-Regular-CTYiF6lA.woff2                        11.31 kB
n8n-editor-ui:build: dist/assets/KaTeX_Fraktur-Bold-CL6g_b3V.woff2                           11.34 kB
n8n-editor-ui:build: dist/assets/KaTeX_Size2-Regular-B7gKUWhC.ttf                            11.50 kB
n8n-editor-ui:build: dist/assets/KaTeX_SansSerif-Italic-C3H0VqGB.woff2                       12.02 kB
n8n-editor-ui:build: dist/assets/KaTeX_SansSerif-Bold-D1sUS0GD.woff2                         12.21 kB
n8n-editor-ui:build: dist/assets/KaTeX_Size1-Regular-Dbsnue_I.ttf                            12.22 kB
n8n-editor-ui:build: dist/assets/KaTeX_SansSerif-Regular-CS6fqUqJ.woff                       12.31 kB
n8n-editor-ui:build: dist/assets/KaTeX_Caligraphic-Regular-wX97UBjC.ttf                      12.34 kB
n8n-editor-ui:build: dist/assets/KaTeX_Caligraphic-Bold-ATXxdsX0.ttf                         12.36 kB
n8n-editor-ui:build: dist/assets/KaTeX_Fraktur-Regular-Dxdc4cR9.woff                         13.20 kB
n8n-editor-ui:build: dist/assets/KaTeX_Fraktur-Bold-BsDP51OF.woff                            13.29 kB
n8n-editor-ui:build: dist/assets/KaTeX_Typewriter-Regular-CO6r4hn1.woff2                     13.56 kB
n8n-editor-ui:build: dist/assets/KaTeX_SansSerif-Italic-DN2j7dab.woff                        14.11 kB
n8n-editor-ui:build: dist/assets/KaTeX_SansSerif-Bold-DbIhKOiC.woff                          14.40 kB
n8n-editor-ui:build: dist/assets/KaTeX_Typewriter-Regular-C0xS9mPB.woff                      16.02 kB
n8n-editor-ui:build: dist/assets/KaTeX_Math-BoldItalic-CZnvNsCZ.woff2                        16.40 kB
n8n-editor-ui:build: dist/assets/KaTeX_Math-Italic-t53AETM-.woff2                            16.44 kB
n8n-editor-ui:build: dist/assets/KaTeX_Script-Regular-C5JkGWo-.ttf                           16.64 kB
n8n-editor-ui:build: dist/assets/KaTeX_Main-BoldItalic-DxDJ3AOS.woff2                        16.78 kB
n8n-editor-ui:build: dist/assets/KaTeX_Main-Italic-NWA7e6Wa.woff2                            16.98 kB
n8n-editor-ui:build: dist/assets/worker-BoYtc5pM.js                                          17.90 kB
n8n-editor-ui:build: dist/assets/KaTeX_Math-BoldItalic-iY-2wyZ7.woff                         18.66 kB
n8n-editor-ui:build: dist/assets/KaTeX_Math-Italic-DA0__PXp.woff                             18.74 kB
n8n-editor-ui:build: dist/assets/KaTeX_Main-BoldItalic-SpSLRI95.woff                         19.41 kB
n8n-editor-ui:build: dist/assets/KaTeX_SansSerif-Regular-BNo7hRIc.ttf                        19.43 kB
n8n-editor-ui:build: dist/assets/KaTeX_Fraktur-Regular-CB_wures.ttf                          19.57 kB
n8n-editor-ui:build: dist/assets/KaTeX_Fraktur-Bold-BdnERNNW.ttf                             19.58 kB
n8n-editor-ui:build: dist/assets/KaTeX_Main-Italic-BMLOBm91.woff                             19.67 kB
n8n-editor-ui:build: dist/index.html                                                         20.29 kB │ gzip:   3.54 kB
n8n-editor-ui:build: dist/assets/KaTeX_SansSerif-Italic-YYjJ1zSn.ttf                         22.36 kB
n8n-editor-ui:build: dist/assets/KaTeX_SansSerif-Bold-CFMepnvq.ttf                           24.50 kB
n8n-editor-ui:build: dist/assets/KaTeX_Main-Bold-Cx986IdX.woff2                              25.32 kB
n8n-editor-ui:build: dist/assets/KaTeX_Main-Regular-B22Nviop.woff2                           26.27 kB
n8n-editor-ui:build: dist/assets/KaTeX_Typewriter-Regular-D3Ib7_Hf.ttf                       27.55 kB
n8n-editor-ui:build: dist/assets/KaTeX_AMS-Regular-BQhdFMY1.woff2                            28.07 kB
n8n-editor-ui:build: dist/assets/element-icons-B-tDfklg.woff                                 28.20 kB
n8n-editor-ui:build: dist/assets/KaTeX_Main-Bold-Jm3AIy58.woff                               29.91 kB
n8n-editor-ui:build: dist/assets/KaTeX_Main-Regular-Dr94JaBh.woff                            30.77 kB
n8n-editor-ui:build: dist/assets/KaTeX_Math-BoldItalic-B3XSjfu4.ttf                          31.19 kB
n8n-editor-ui:build: dist/assets/KaTeX_Math-Italic-flOr_0UB.ttf                              31.30 kB
n8n-editor-ui:build: dist/assets/KaTeX_Main-BoldItalic-DzxPMmG6.ttf                          32.96 kB
n8n-editor-ui:build: dist/assets/KaTeX_AMS-Regular-DMm9YOAa.woff                             33.51 kB
n8n-editor-ui:build: dist/assets/KaTeX_Main-Italic-3WenGoN9.ttf                              33.58 kB
n8n-editor-ui:build: dist/assets/KaTeX_Main-Bold-waoOVXN0.ttf                                51.33 kB
n8n-editor-ui:build: dist/assets/KaTeX_Main-Regular-ypZvNtVU.ttf                             53.58 kB
n8n-editor-ui:build: dist/assets/element-icons-_lZGOqcG.ttf                                  55.95 kB
n8n-editor-ui:build: dist/assets/KaTeX_AMS-Regular-DRggAlZN.ttf                              63.63 kB
n8n-editor-ui:build: dist/assets/CommitMonoVariable-ytizKI8U.woff2                           86.76 kB
n8n-editor-ui:build: dist/assets/doppler-B__k0MeW.webp                                      315.06 kB
n8n-editor-ui:build: dist/assets/InterVariable-DiVDrmQJ.woff2                               352.24 kB
n8n-editor-ui:build: dist/assets/InterVariable-Italic-FCBEiFp6.woff2                        387.97 kB
n8n-editor-ui:build: dist/assets/mst-logo-DiSYB-V9.svg                                      461.28 kB │ gzip: 146.34 kB
n8n-editor-ui:build: dist/assets/wa-sqlite-DDTbX34h.wasm                                    596.88 kB │ gzip: 295.39 kB
n8n-editor-ui:build: dist/assets/worker-D_jRhce2.js                                       3,162.79 kB
n8n-editor-ui:build: dist/assets/typescript.worker-CIzN-cXI.js                           10,870.08 kB
n8n-editor-ui:build: dist/assets/AgentView-BVt6lLeZ.css                                       0.11 kB │ gzip:   0.11 kB
n8n-editor-ui:build: dist/assets/ConnectionTracker-B3fMJWJS.css                               0.19 kB │ gzip:   0.13 kB
n8n-editor-ui:build: dist/assets/EntityNotFound-uvRspXsc.css                                  0.19 kB │ gzip:   0.16 kB
n8n-editor-ui:build: dist/assets/EntityUnAuthorised-DM76VZ6Z.css                              0.20 kB │ gzip:   0.16 kB
n8n-editor-ui:build: dist/assets/SeverityTag-uXVRN4G8.css                                     0.27 kB │ gzip:   0.16 kB
n8n-editor-ui:build: dist/assets/MigrationRuleDetail-8T0CF7QU.css                             0.43 kB │ gzip:   0.28 kB
n8n-editor-ui:build: dist/assets/AnimatedSpinner-BS7_GTqD.css                                 0.58 kB │ gzip:   0.19 kB
n8n-editor-ui:build: dist/assets/NDVEmptyState-BiIyy-gK.css                                   0.60 kB │ gzip:   0.30 kB
n8n-editor-ui:build: dist/assets/ResolversView-A7AM3aop.css                                   1.06 kB │ gzip:   0.44 kB
n8n-editor-ui:build: dist/assets/AgentTaskModal-DDVbBRmF.css                                  1.22 kB │ gzip:   0.47 kB
n8n-editor-ui:build: dist/assets/MigrationRules-B9G14hRv.css                                  1.47 kB │ gzip:   0.51 kB
n8n-editor-ui:build: dist/assets/SecuritySettings-CCMAl1I8.css                                2.04 kB │ gzip:   0.42 kB
n8n-editor-ui:build: dist/assets/ProjectRoleView-D8YIVnHY.css                                 2.51 kB │ gzip:   0.84 kB
n8n-editor-ui:build: dist/assets/ProjectRolesView-BwalbKkf.css                                2.53 kB │ gzip:   0.71 kB
n8n-editor-ui:build: dist/assets/SettingsSecretsProviders-TnvabRTz.css                        2.56 kB │ gzip:   0.86 kB
n8n-editor-ui:build: dist/assets/RunDataHtml-CPkTgQ0s.css                                     2.57 kB │ gzip:   0.46 kB
n8n-editor-ui:build: dist/assets/CredentialIcon-CiJkhU0f.css                                  2.60 kB │ gzip:   0.49 kB
n8n-editor-ui:build: dist/assets/NodeIcon-ExWo94FE.css                                        2.66 kB │ gzip:   0.51 kB
n8n-editor-ui:build: dist/assets/TextWithHighlights-_TQjEA06.css                              2.68 kB │ gzip:   0.52 kB
n8n-editor-ui:build: dist/assets/ComputerUseSetupModal-Dj_AzVJ1.css                           2.68 kB │ gzip:   0.49 kB
n8n-editor-ui:build: dist/assets/RunDataJsonActions-m_br2IQe.css                              2.69 kB │ gzip:   0.53 kB
n8n-editor-ui:build: dist/assets/ChatLayout-DbAtwTwu.css                                      2.71 kB │ gzip:   0.55 kB
n8n-editor-ui:build: dist/assets/FolderBreadcrumbs-CLeor1Zu.css                               2.71 kB │ gzip:   0.52 kB
n8n-editor-ui:build: dist/assets/McpAccessToggle-D-sBkptM.css                                 2.74 kB │ gzip:   0.54 kB
n8n-editor-ui:build: dist/assets/InsightsPaywall-BgF1_jwg.css                                 2.75 kB │ gzip:   0.57 kB
n8n-editor-ui:build: dist/assets/ContactAdministratorToInstall-JoRxYxA6.css                   2.76 kB │ gzip:   0.57 kB
n8n-editor-ui:build: dist/assets/Draggable-Dqq_ig-6.css                                       2.77 kB │ gzip:   0.56 kB
n8n-editor-ui:build: dist/assets/DemoDiffView-DdaDcMXT.css                                    2.77 kB │ gzip:   0.58 kB
n8n-editor-ui:build: dist/assets/useCredentialResolvers-C5G0z9Qh.css                          2.78 kB │ gzip:   0.57 kB
n8n-editor-ui:build: dist/assets/ExternalSecretsProviderConnectionSwitch-BSDYYJjC.css         2.79 kB │ gzip:   0.57 kB
n8n-editor-ui:build: dist/assets/CredentialPicker-BBA9LhCp.css                                2.80 kB │ gzip:   0.58 kB
n8n-editor-ui:build: dist/assets/KeyboardShortcutTooltip-DgZkwS92.css                         2.82 kB │ gzip:   0.59 kB
n8n-editor-ui:build: dist/assets/LoadingView-B--OCAl9.css                                     2.88 kB │ gzip:   0.62 kB
n8n-editor-ui:build: dist/assets/ModelByIdSelectorModal-5JDHyuHS.css                          2.91 kB │ gzip:   0.61 kB
n8n-editor-ui:build: dist/assets/NodeToolSettingsContent-R4vNUvQR.css                         2.93 kB │ gzip:   0.61 kB
n8n-editor-ui:build: dist/assets/ErrorView-DblkactX.css                                       2.98 kB │ gzip:   0.63 kB
n8n-editor-ui:build: dist/assets/SelectedItemsInfo-DZXwQ0s4.css                               3.01 kB │ gzip:   0.64 kB
n8n-editor-ui:build: dist/assets/WorkflowExecutionsLandingPage-BkcEZYhG.css                   3.02 kB │ gzip:   0.64 kB
n8n-editor-ui:build: dist/assets/AgentBuilderUnconfiguredEmptyState-U8UQU_YU.css              3.06 kB │ gzip:   0.68 kB
n8n-editor-ui:build: dist/assets/CredentialSelectorModal-BJuv3Nj1.css                         3.10 kB │ gzip:   0.64 kB
n8n-editor-ui:build: dist/assets/SetupWorkflowFromTemplateView-D6P8fySs.css                   3.14 kB │ gzip:   0.69 kB
n8n-editor-ui:build: dist/assets/SettingsExternalSecrets-Bj5KwfU0.css                         3.15 kB │ gzip:   0.66 kB
n8n-editor-ui:build: dist/assets/ResourceFiltersDropdown-dyFdk2rb.css                         3.21 kB │ gzip:   0.74 kB
n8n-editor-ui:build: dist/assets/WorkflowPreview-D9BvBSJq.css                                 3.22 kB │ gzip:   0.73 kB
n8n-editor-ui:build: dist/assets/AgentSessionsListView-NLX3JLtv.css                           3.24 kB │ gzip:   0.71 kB
n8n-editor-ui:build: dist/assets/ToolSettingsModal-BDrU6SBF.css                               3.26 kB │ gzip:   0.75 kB
n8n-editor-ui:build: dist/assets/ChatPersonalAgentsView-xEu7F7Vn.css                          3.27 kB │ gzip:   0.71 kB
n8n-editor-ui:build: dist/assets/ProviderSettingsModal-BLNhqSaE.css                           3.31 kB │ gzip:   0.67 kB
n8n-editor-ui:build: dist/assets/RunDataSearch-BHCXzXnl.css                                   3.32 kB │ gzip:   0.68 kB
n8n-editor-ui:build: dist/assets/WorkflowExecutionsInfoAccordion-B8EFKqWo.css                 3.36 kB │ gzip:   0.75 kB
n8n-editor-ui:build: dist/assets/WorkflowLocation-V8amo5Ep.css                                3.37 kB │ gzip:   0.73 kB
n8n-editor-ui:build: dist/assets/SettingsLdapView-Dkmtjs5f.css                                3.40 kB │ gzip:   0.74 kB
n8n-editor-ui:build: dist/assets/useTelemetryContext-DHOsGVft.css                             3.42 kB │ gzip:   0.75 kB
n8n-editor-ui:build: dist/assets/InsightsTableWorkflows-MTZz-k0w.css                          3.44 kB │ gzip:   0.78 kB
n8n-editor-ui:build: dist/assets/ProjectBreadcrumb-CfLxfIkN.css                               3.44 kB │ gzip:   0.76 kB
n8n-editor-ui:build: dist/assets/ChatWorkflowAgentsView-CiyGKgbV.css                          3.45 kB │ gzip:   0.77 kB
n8n-editor-ui:build: dist/assets/ProjectCardBadge-DFuWubx_.css                                3.46 kB │ gzip:   0.76 kB
n8n-editor-ui:build: dist/assets/ChatAgentAvatar-BDv-ey9P.css                                 3.47 kB │ gzip:   0.71 kB
n8n-editor-ui:build: dist/assets/AgentJsonEditor-Bu8llLy3.css                                 3.50 kB │ gzip:   0.85 kB
n8n-editor-ui:build: dist/assets/SettingsAIView-NMkbieh1.css                                  3.50 kB │ gzip:   0.70 kB
n8n-editor-ui:build: dist/assets/ProjectIcon-qI5XwJ2W.css                                     3.54 kB │ gzip:   0.73 kB
n8n-editor-ui:build: dist/assets/SettingsPersonalView-BBmJ2H0c.css                            3.55 kB │ gzip:   0.83 kB
n8n-editor-ui:build: dist/assets/CredentialsDropdown-CE3aASAB.css                             3.55 kB │ gzip:   0.83 kB
n8n-editor-ui:build: dist/assets/useLogsTreeExpand-CUjJ4cRa.css                               3.57 kB │ gzip:   0.76 kB
n8n-editor-ui:build: dist/assets/TemplatesWorkflowView-B1I-GXge.css                           3.59 kB │ gzip:   0.85 kB
n8n-editor-ui:build: dist/assets/AgentSkillModal-K_XP2S5Q.css                                 3.62 kB │ gzip:   0.85 kB
n8n-editor-ui:build: dist/assets/DataTableView-Dy62307y.css                                   3.63 kB │ gzip:   0.87 kB
n8n-editor-ui:build: dist/assets/ChatFile-C43CswUV.css                                        3.72 kB │ gzip:   0.86 kB
n8n-editor-ui:build: dist/assets/BaseLayout-DnFMhPRw.css                                      3.77 kB │ gzip:   0.85 kB
n8n-editor-ui:build: dist/assets/CopyInput-CubHdyX-.css                                       3.88 kB │ gzip:   0.92 kB
n8n-editor-ui:build: dist/assets/ChatInputBase-Cc-fozAh.css                                   3.98 kB │ gzip:   0.98 kB
n8n-editor-ui:build: dist/assets/RunDataParsedAiContent-BZ1TsOsZ.css                          3.99 kB │ gzip:   0.76 kB
n8n-editor-ui:build: dist/assets/RecommendedTemplateCard-CTelG22z.css                         4.06 kB │ gzip:   0.92 kB
n8n-editor-ui:build: dist/assets/SettingsAiGatewayView-DPSVIM7o.css                           4.08 kB │ gzip:   0.93 kB
n8n-editor-ui:build: dist/assets/AgentsListView-WIHggtqs.css                                  4.22 kB │ gzip:   0.95 kB
n8n-editor-ui:build: dist/assets/SettingsSourceControl-CtL0okwB.css                           4.30 kB │ gzip:   0.94 kB
n8n-editor-ui:build: dist/assets/SettingsEncryptionKeys-oDTyDhtK.css                          4.42 kB │ gzip:   1.06 kB
n8n-editor-ui:build: dist/assets/OAuthConsentView-XocGmkXo.css                                4.49 kB │ gzip:   0.96 kB
n8n-editor-ui:build: dist/assets/ModelSelector-DpnPRxQk.css                                   4.55 kB │ gzip:   1.11 kB
n8n-editor-ui:build: dist/assets/TagsDropdown-B9j1q4U_.css                                    4.99 kB │ gzip:   1.13 kB
n8n-editor-ui:build: dist/assets/RedactedDataState-_U5FpmIr.css                               5.42 kB │ gzip:   0.66 kB
n8n-editor-ui:build: dist/assets/banners-CXsyom4e.css                                         5.53 kB │ gzip:   0.68 kB
n8n-editor-ui:build: dist/assets/InsightsDashboard-BlaNHTs2.css                               5.56 kB │ gzip:   1.44 kB
n8n-editor-ui:build: dist/assets/CommunityNodeUpdateInfo-BKXtPPI4.css                         5.68 kB │ gzip:   0.75 kB
n8n-editor-ui:build: dist/assets/MCPConnectWorkflowsModal-ZedGhl9F.css                        5.76 kB │ gzip:   0.76 kB
n8n-editor-ui:build: dist/assets/DependencyPill-B5MK1lMR.css                                  5.83 kB │ gzip:   0.79 kB
n8n-editor-ui:build: dist/assets/BrowserUseSetupModal-CzIufT8g.css                            5.94 kB │ gzip:   0.83 kB
n8n-editor-ui:build: dist/assets/SettingsAgentBuilderView-Dao6sS0n.css                        5.96 kB │ gzip:   0.77 kB
n8n-editor-ui:build: dist/assets/AuthView-BAHRRoln.css                                        6.00 kB │ gzip:   0.85 kB
n8n-editor-ui:build: dist/assets/SettingsLayout-CJsPAP2z.css                                  6.06 kB │ gzip:   0.85 kB
n8n-editor-ui:build: dist/assets/Modal-C-25yXBy.css                                           6.08 kB │ gzip:   0.85 kB
n8n-editor-ui:build: dist/assets/TemplatesView-CGbru_sm.css                                   6.10 kB │ gzip:   0.86 kB
n8n-editor-ui:build: dist/assets/SettingsLogStreamingView-BoQxfzug.css                        6.11 kB │ gzip:   0.90 kB
n8n-editor-ui:build: dist/assets/InsightsSummary-h7dR4yxj.css                                 6.20 kB │ gzip:   1.37 kB
n8n-editor-ui:build: dist/assets/ProjectSharing-qhBVqC7z.css                                  6.38 kB │ gzip:   0.91 kB
n8n-editor-ui:build: [33m[33m[EVAL] Warning:[0m Use of direct `eval` function is strongly discouraged as it poses security risks and may cause issues with minification.
n8n-editor-ui:build: dist/assets/ComputerUseSetupContent-CyHEhgrx.css                         6.39 kB │ gzip:   1.36 kB
n8n-editor-ui:build: dist/assets/NodeCreation-BsTE23oj.css                                    6.41 kB │ gzip:   0.91 kB
n8n-editor-ui:build:       [38;5;246m╭[0m[38;5;246m─[0m[38;5;246m[[0m ../../../node_modules/.pnpm/web-tree-sitter@0.24.3/node_modules/web-tree-sitter/tree-sitter.js:1195:37 [38;5;246m][0m
n8n-editor-ui:build:       [38;5;246m│[0m
n8n-editor-ui:build:  [38;5;246m1195 │[0m [38;5;249m [0m[38;5;249m [0m[38;5;249m [0m[38;5;249m [0m[38;5;249m [0m[38;5;249m [0m[38;5;249m [0m[38;5;249m [0m[38;5;249m [0m[38;5;249m [0m[38;5;249m [0m[38;5;249m [0m[38;5;249m [0m[38;5;249m [0m[38;5;249m [0m[38;5;249m [0m[38;5;249mA[0m[38;5;249mS[0m[38;5;249mM[0m[38;5;249m_[0m[38;5;249mC[0m[38;5;249mO[0m[38;5;249mN[0m[38;5;249mS[0m[38;5;249mT[0m[38;5;249mS[0m[38;5;249m[[0m[38;5;249ms[0m[38;5;249mt[0m[38;5;249ma[0m[38;5;249mr[0m[38;5;249mt[0m[38;5;249m][0m[38;5;249m [0m[38;5;249m=[0m[38;5;249m [0meval[38;5;249m([0m[38;5;249mf[0m[38;5;249mu[0m[38;5;249mn[0m[38;5;249mc[0m[38;5;249m)[0m[38;5;249m;[0m
n8n-editor-ui:build:  [38;5;240m     │[0m                                     ──┬─  
n8n-editor-ui:build:  [38;5;240m     │[0m                                       ╰─── Use of direct `eval` here.
n8n-editor-ui:build: dist/assets/DataTableActions-DjLuL9Ie.css                                6.42 kB │ gzip:   0.91 kB
n8n-editor-ui:build: dist/assets/DataTableDetailsView-CaNVRGKo.css                            6.42 kB │ gzip:   0.92 kB
n8n-editor-ui:build: dist/assets/ToolsSelector-DPIKoT4V.css                                   6.44 kB │ gzip:   1.01 kB
n8n-editor-ui:build: dist/assets/CredentialsView-Cq4MYfx9.css                                 6.55 kB │ gzip:   0.99 kB
n8n-editor-ui:build:  [38;5;240m     │[0m 
n8n-editor-ui:build: dist/assets/SettingsCommunityNodesView-BpdbCVaz.css                      6.58 kB │ gzip:   0.99 kB
n8n-editor-ui:build: dist/assets/MainSidebarHeader-WFZ8Sm7J.css                               6.71 kB │ gzip:   1.03 kB
n8n-editor-ui:build: dist/assets/ProjectHeader-DJQTslBp.css                                   6.78 kB │ gzip:   1.10 kB
n8n-editor-ui:build:  [38;5;240m     │[0m [38;5;115mHelp[0m: Consider using indirect eval. For more information, check the documentation: https://rolldown.rs/guide/troubleshooting#avoiding-direct-eval
n8n-editor-ui:build: dist/assets/SettingsApiView-DBWImWVn.css                                 6.83 kB │ gzip:   1.07 kB
n8n-editor-ui:build: dist/assets/AddDataTableModal-Ct_OpjdU.css                               6.92 kB │ gzip:   1.47 kB
n8n-editor-ui:build: dist/assets/RunDataJson-BT96CKK-.css                                     7.35 kB │ gzip:   1.12 kB
n8n-editor-ui:build: dist/assets/ToolsManagerModal-4EFjf1cq.css                               7.46 kB │ gzip:   1.14 kB
n8n-editor-ui:build: dist/assets/SetupTemplateFormStep-C-L7bzKM.css                           8.38 kB │ gzip:   0.85 kB
n8n-editor-ui:build: dist/assets/NodeDetailsViewV2-DnfA5fGm.css                               8.46 kB │ gzip:   1.48 kB
n8n-editor-ui:build: dist/assets/TemplatesCollectionView-CJ6NgJBN.css                         8.60 kB │ gzip:   0.89 kB
n8n-editor-ui:build: [38;5;246m──────╯[0m
n8n-editor-ui:build: dist/assets/SurfaceMcpFirstOpenIntroModal-BaFFc5oV.css                   8.70 kB │ gzip:   1.72 kB
n8n-editor-ui:build: dist/assets/SettingsUsersView-DEAfbE1F.css                               8.90 kB │ gzip:   1.04 kB
n8n-editor-ui:build: dist/assets/ProjectVariables-DvJK5dVg.css                                9.04 kB │ gzip:   1.10 kB
n8n-editor-ui:build: [39m
n8n-editor-ui:build: dist/assets/LogsOverviewRow-BeUlqXP4.css                                 9.17 kB │ gzip:   1.57 kB
n8n-editor-ui:build: dist/assets/SettingsChatHubView-BeZqMcI2.css                             9.45 kB │ gzip:   1.08 kB
n8n-editor-ui:build: dist/assets/CopyButton-B6IMF07q.css                                     10.11 kB │ gzip:   1.41 kB
n8n-editor-ui:build: dist/assets/SettingsUsageAndPlan-JwdL6QOs.css                           10.12 kB │ gzip:   1.28 kB
n8n-editor-ui:build: dist/assets/TemplateList-CzYgc0ET.css                                   10.16 kB │ gzip:   1.24 kB
n8n-editor-ui:build: dist/assets/useCanvasOperations-BGIelHPw.css                            10.26 kB │ gzip:   1.11 kB
n8n-editor-ui:build: dist/assets/NewAgentView-ChOk6u9a.css                                   10.31 kB │ gzip:   2.31 kB
n8n-editor-ui:build: dist/assets/CreditWarningBanner-DBNKbsIs.css                            10.44 kB │ gzip:   1.38 kB
n8n-editor-ui:build: [33m[33m[EVAL] Warning:[0m Use of direct `eval` function is strongly discouraged as it poses security risks and may cause issues with minification.
n8n-editor-ui:build: dist/assets/VirtualSchema-Ce9oOsm8.css                                  10.97 kB │ gzip:   2.37 kB
n8n-editor-ui:build: dist/assets/SurfaceMcpBridgeGraphic-CmNV5ShG.css                        11.45 kB │ gzip:   2.10 kB
n8n-editor-ui:build: dist/assets/SigninView-DehD9iwD.css                                     11.47 kB │ gzip:   2.07 kB
n8n-editor-ui:build:       [38;5;246m╭[0m[38;5;246m─[0m[38;5;246m[[0m ../../../node_modules/.pnpm/web-tree-sitter@0.24.3/node_modules/web-tree-sitter/tree-sitter.js:1221:39 [38;5;246m][0m
n8n-editor-ui:build:       [38;5;246m│[0m
n8n-editor-ui:build: dist/assets/InstanceAiView-XByqClnf.css                                 11.49 kB │ gzip:   1.51 kB
n8n-editor-ui:build: dist/assets/ExecutionsView-C0wZidKN.css                                 11.61 kB │ gzip:   1.15 kB
n8n-editor-ui:build:  [38;5;246m1221 │[0m [38;5;249m [0m[38;5;249m [0m[38;5;249m [0m[38;5;249m [0m[38;5;249m [0m[38;5;249m [0m[38;5;249m [0m[38;5;249m [0m[38;5;249m [0m[38;5;249m [0m[38;5;249m [0m[38;5;249m [0m[38;5;249m [0m[38;5;249m [0m[38;5;249m [0m[38;5;249m [0m[38;5;249mm[0m[38;5;249mo[0m[38;5;249md[0m[38;5;249mu[0m[38;5;249ml[0m[38;5;249me[0m[38;5;249mE[0m[38;5;249mx[0m[38;5;249mp[0m[38;5;249mo[0m[38;5;249mr[0m[38;5;249mt[0m[38;5;249ms[0m[38;5;249m[[0m[38;5;249mn[0m[38;5;249ma[0m[38;5;249mm[0m[38;5;249me[0m[38;5;249m][0m[38;5;249m [0m[38;5;249m=[0m[38;5;249m [0meval[38;5;249m([0m[38;5;249mf[0m[38;5;249mu[0m[38;5;249mn[0m[38;5;249mc[0m[38;5;249m)[0m[38;5;249m;[0m
n8n-editor-ui:build: dist/assets/RunDataTable-CzatPP90.css                                   12.11 kB │ gzip:   2.07 kB
n8n-editor-ui:build:  [38;5;240m     │[0m                                       ──┬─  
n8n-editor-ui:build: dist/assets/EvaluationsRootView-bctN0Sdm.css                            12.52 kB │ gzip:   1.32 kB
n8n-editor-ui:build: dist/assets/AgentToolConfigModal-DyYDD2wm.css                           12.56 kB │ gzip:   1.31 kB
n8n-editor-ui:build:  [38;5;240m     │[0m                                         ╰─── Use of direct `eval` here.
n8n-editor-ui:build: dist/assets/AppSidebar-ClUqQxYG.css                                     12.83 kB │ gzip:   1.87 kB
n8n-editor-ui:build: dist/assets/ExecutionsTime-sPdK-QE1.css                                 12.86 kB │ gzip:   1.41 kB
n8n-editor-ui:build: dist/assets/CanvasRunWorkflowButton-D6MnxQua.css                        13.15 kB │ gzip:   1.43 kB
n8n-editor-ui:build: dist/assets/ResourcesListLayout-B3BllnUj.css                            13.45 kB │ gzip:   1.49 kB
n8n-editor-ui:build: dist/assets/NodeDetailsView-CF_rqMHQ.css                                14.01 kB │ gzip:   1.66 kB
n8n-editor-ui:build: dist/assets/SkeletonAgentCard-18xCzwmM.css                              14.76 kB │ gzip:   1.85 kB
n8n-editor-ui:build: dist/assets/WorkflowExecutionsPreview-BcZLl-09.css                      15.79 kB │ gzip:   1.99 kB
n8n-editor-ui:build: dist/assets/SettingsInstanceAiView-BhzuKw3O.css                         15.81 kB │ gzip:   1.34 kB
n8n-editor-ui:build:  [38;5;240m     │[0m 
n8n-editor-ui:build: dist/assets/AgentToolsModal-CEfCcprK.css                                15.94 kB │ gzip:   1.43 kB
n8n-editor-ui:build:  [38;5;240m     │[0m [38;5;115mHelp[0m: Consider using indirect eval. For more information, check the documentation: https://rolldown.rs/guide/troubleshooting#avoiding-direct-eval
n8n-editor-ui:build: [38;5;246m──────╯[0m
n8n-editor-ui:build: dist/assets/FixedCollectionParameter-DvFRT2dg.css                       15.95 kB │ gzip:   1.71 kB
n8n-editor-ui:build: dist/assets/WorkflowExecutionsView-CpDZDZgA.css                         16.68 kB │ gzip:   1.86 kB
n8n-editor-ui:build: dist/assets/AgentAddTriggerModal-CH3lJp-y.css                           17.21 kB │ gzip:   2.23 kB
n8n-editor-ui:build: [39m
n8n-editor-ui:build: dist/assets/AgentEditorModal-CjIp6cM0.css                               18.20 kB │ gzip:   2.36 kB
n8n-editor-ui:build: dist/assets/TemplatesSearchView-BRPBl8Dh.css                            19.77 kB │ gzip:   1.97 kB
n8n-editor-ui:build: [33m[33m[INEFFECTIVE_DYNAMIC_IMPORT] Warning:[0m src/features/ndv/parameters/components/Collection/CollectionParameter.vue is dynamically imported by src/features/ndv/parameters/components/ParameterInputList.vue?vue&type=script&setup=true&lang.ts but also statically imported by src/features/ndv/parameters/components/MultipleParameter.vue?vue&type=script&setup=true&lang.ts, dynamic import will not move module into another chunk.
n8n-editor-ui:build: [39m
n8n-editor-ui:build: [33m[33m[PLUGIN_TIMINGS] Warning:[0m Your build spent significant time in plugins. Here is a breakdown:
n8n-editor-ui:build:   - unplugin-icons (41%)
n8n-editor-ui:build:   - vite:css (38%)
n8n-editor-ui:build: dist/assets/NodeCredentials-XpIYUP5p.css                                19.97 kB │ gzip:   2.36 kB
n8n-editor-ui:build: dist/assets/InstanceAiViewHeader-D1sFp5-i.css                           20.65 kB │ gzip:   2.38 kB
n8n-editor-ui:build: dist/assets/InstanceAiEmptyView-DMXki_FQ.css                            21.13 kB │ gzip:   2.71 kB
n8n-editor-ui:build:   - vite:vue (12%)
n8n-editor-ui:build:   - svg-loader (4%)
n8n-editor-ui:build: dist/assets/EvaluationsView-DJ0pMQrF.css                                21.61 kB │ gzip:   2.42 kB
n8n-editor-ui:build: See https://rolldown.rs/options/checks#plugintimings for more details.
n8n-editor-ui:build: dist/assets/ChatView-_8JdmVFk.css                                       22.10 kB │ gzip:   2.30 kB
n8n-editor-ui:build: dist/assets/WorkerView-BFZaMspV.css                                     23.21 kB │ gzip:   1.54 kB
n8n-editor-ui:build: [39m
n8n-editor-ui:build: dist/assets/ResourceCenterView-lFWni1MT.css                             23.29 kB │ gzip:   3.51 kB
n8n-editor-ui:build: dist/assets/WorkflowLayout-Dk9RiSMJ.css                                 24.76 kB │ gzip:   3.12 kB
n8n-editor-ui:build: dist/assets/MCPOnboardingModal-B_S6f_CA.css                             24.85 kB │ gzip:   3.03 kB
n8n-editor-ui:build: dist/assets/WorkflowDiffView-CQ8sJ7a2.css                               24.96 kB │ gzip:   2.95 kB
n8n-editor-ui:build: dist/assets/ChatLayout-DWfIyt55.css                                     25.97 kB │ gzip:   2.89 kB
n8n-editor-ui:build: dist/assets/TriggerPanel-DCdQ8Fh4.css                                   26.04 kB │ gzip:   2.71 kB
n8n-editor-ui:build: dist/assets/MainHeader-QqcciGx6.css                                     26.48 kB │ gzip:   2.24 kB
n8n-editor-ui:build: dist/assets/DataTableTable-DDLYfASU.css                                 27.73 kB │ gzip:   2.66 kB
n8n-editor-ui:build: dist/assets/ChatGreetings-CpO4PeuK.css                                  28.40 kB │ gzip:   3.08 kB
n8n-editor-ui:build: dist/assets/SettingsMCPView-0TErHuTI.css                                29.62 kB │ gzip:   2.29 kB
n8n-editor-ui:build: dist/assets/ProjectSettings-Dk1S4VOr.css                                30.29 kB │ gzip:   2.60 kB
n8n-editor-ui:build: dist/assets/TestRunDetailView-CodwTgFu.css                              32.63 kB │ gzip:   3.09 kB
n8n-editor-ui:build: dist/assets/SettingsSso-D94dSorQ.css                                    34.68 kB │ gzip:   3.21 kB
n8n-editor-ui:build: dist/assets/WorkflowHistory-B7lyZgRY.css                                36.42 kB │ gzip:   3.18 kB
n8n-editor-ui:build: dist/assets/NodeSettings-seiYAQgy.css                                   40.61 kB │ gzip:   3.79 kB
n8n-editor-ui:build: dist/assets/NodeView-CZi0dWye.css                                       44.84 kB │ gzip:   3.42 kB
n8n-editor-ui:build: dist/assets/RunData-DO9LIVlE.css                                        51.24 kB │ gzip:   4.57 kB
n8n-editor-ui:build: dist/assets/ChatMarkdownChunk-IvQQxbYK.css                              53.08 kB │ gzip:  11.58 kB
n8n-editor-ui:build: dist/assets/AgentSessionTimelineView-oWZkZFVD.css                       56.31 kB │ gzip:   6.08 kB
n8n-editor-ui:build: dist/assets/useWorkflowInitialization-NbRCsw2R.css                      73.55 kB │ gzip:   6.07 kB
n8n-editor-ui:build: dist/assets/NodeCreator-BgRVumlj.css                                    76.90 kB │ gzip:   5.06 kB
n8n-editor-ui:build: dist/assets/WorkflowsView-BLjlAkpv.css                                  84.33 kB │ gzip:   6.74 kB
n8n-editor-ui:build: dist/assets/AgentBuilderView-D4WzFb-v.css                               94.89 kB │ gzip:   8.65 kB
n8n-editor-ui:build: dist/assets/useWorkflowDocumentRenderData-C4hfGQJL.css                 122.66 kB │ gzip:   8.59 kB
n8n-editor-ui:build: dist/assets/ParameterInputList-s2AAQegT.css                            189.68 kB │ gzip:  13.80 kB
n8n-editor-ui:build: dist/assets/InstanceAiThreadView-DZ9-yfiB.css                          208.97 kB │ gzip:  16.36 kB
n8n-editor-ui:build: dist/assets/src-Cww2z2Fv.css                                           693.21 kB │ gzip:  53.53 kB
n8n-editor-ui:build: dist/assets/index-mLKEHaMS.css                                         844.89 kB │ gzip:  80.85 kB
n8n-editor-ui:build: dist/assets/usePushConnection-CWxUcFh4.js                                0.04 kB │ gzip:   0.06 kB
n8n-editor-ui:build: dist/assets/en-BLE_5zA0.js                                               0.08 kB │ gzip:   0.08 kB
n8n-editor-ui:build: dist/assets/NodeView-DkusbilM.js                                         0.10 kB │ gzip:   0.09 kB
n8n-editor-ui:build: dist/assets/RunDataHtml-DB29ClB4.js                                      0.11 kB │ gzip:   0.09 kB
n8n-editor-ui:build: dist/assets/pushConnection.store-DHUmVeD8.js                             0.11 kB │ gzip:   0.09 kB
n8n-editor-ui:build: dist/assets/VirtualSchema-Dr4K__bJ.js                                    0.11 kB │ gzip:   0.09 kB
n8n-editor-ui:build: dist/assets/CollectionParameter-DBa9dt3p.js                              0.13 kB │ gzip:   0.11 kB
n8n-editor-ui:build: dist/assets/AgentSessionsListView-B078IgOR.js                            0.14 kB │ gzip:   0.10 kB
n8n-editor-ui:build: dist/assets/RunDataParsedAiContent-_wwzCkXC.js                           0.14 kB │ gzip:   0.10 kB
n8n-editor-ui:build: dist/assets/expression-runtime-stub-Dzt80x4C.js                          0.15 kB │ gzip:   0.12 kB
n8n-editor-ui:build: dist/assets/mst-logo-BQiAAXUJ.js                                         0.16 kB │ gzip:   0.14 kB
n8n-editor-ui:build: dist/assets/core-BMbouP5r.js                                             0.22 kB │ gzip:   0.17 kB
n8n-editor-ui:build: dist/assets/sourceControl.eventBus-cAlAIZ2F.js                           0.23 kB │ gzip:   0.16 kB
n8n-editor-ui:build: dist/assets/_plugin-vue_export-helper-Da88TEg1.js                        0.26 kB │ gzip:   0.18 kB
n8n-editor-ui:build: dist/assets/smartDecimal-Dsk7HKkE.js                                     0.30 kB │ gzip:   0.21 kB
n8n-editor-ui:build: dist/assets/useInjectWorkflowId-z9TOGrje.js                              0.30 kB │ gzip:   0.20 kB
n8n-editor-ui:build: dist/assets/constants-D2H5QUgu.js                                        0.31 kB │ gzip:   0.20 kB
n8n-editor-ui:build: dist/assets/sortByProperty-D95vaten.js                                   0.34 kB │ gzip:   0.24 kB
n8n-editor-ui:build: dist/assets/constants-0PHwSmum.js                                        0.37 kB │ gzip:   0.20 kB
n8n-editor-ui:build: dist/assets/auth.eventBus-CUjaA6Ku.js                                    0.40 kB │ gzip:   0.24 kB
n8n-editor-ui:build: dist/assets/instanceAiLayout-o3388SyW.js                                 0.42 kB │ gzip:   0.27 kB
n8n-editor-ui:build: dist/assets/mcp.constants-CsXYLceG.js                                    0.50 kB │ gzip:   0.31 kB
n8n-editor-ui:build: dist/assets/security-settings-DxcTMiJc.js                                0.54 kB │ gzip:   0.32 kB
n8n-editor-ui:build: dist/assets/useMcp-BBXqhE-4.js                                           0.56 kB │ gzip:   0.30 kB
n8n-editor-ui:build: dist/assets/fileUtils-Ma3VEGrI.js                                        0.65 kB │ gzip:   0.38 kB
n8n-editor-ui:build: dist/assets/useAgentBuilderSettingsApi-BMEqZ3q5.js                       0.67 kB │ gzip:   0.29 kB
n8n-editor-ui:build: dist/assets/AuthLayout-Bw729Wuh.js                                       0.69 kB │ gzip:   0.38 kB
n8n-editor-ui:build: dist/assets/useCustomAgent-Bw4Q8El0.js                                   0.76 kB │ gzip:   0.41 kB
n8n-editor-ui:build: dist/assets/expression-runtime-stub-9w2ZHVM3.js                          0.82 kB │ gzip:   0.38 kB
n8n-editor-ui:build: dist/assets/useAgentConfirmationModal-By_v0aJv.js                        0.83 kB │ gzip:   0.40 kB
n8n-editor-ui:build: dist/assets/DefaultLayout-CkDDot_R.js                                    0.84 kB │ gzip:   0.42 kB
n8n-editor-ui:build: dist/assets/event-bus-BMHZyBvz.js                                        0.84 kB │ gzip:   0.27 kB
n8n-editor-ui:build: dist/assets/useActivationError-D6ZYgxC3.js                               0.86 kB │ gzip:   0.46 kB
n8n-editor-ui:build: dist/assets/useExecutionData-C8Apm8EM.js                                 0.92 kB │ gzip:   0.41 kB
n8n-editor-ui:build: dist/assets/useStyles-tsnkh1bh.js                                        0.93 kB │ gzip:   0.55 kB
n8n-editor-ui:build: dist/assets/EnterpriseEdition.ee-CruCebh2.js                             0.94 kB │ gzip:   0.50 kB
n8n-editor-ui:build: dist/assets/ComputerUseSetupModal-COkyZS9d.js                            0.96 kB │ gzip:   0.50 kB
n8n-editor-ui:build: dist/assets/VueMarkdown-Cpy4P3Ei.js                                      0.99 kB │ gzip:   0.53 kB
n8n-editor-ui:build: dist/assets/toolDisplayName-Bg1o9k3P.js                                  1.03 kB │ gzip:   0.48 kB
n8n-editor-ui:build: dist/assets/useSidebarLayout-D5_lx6zk.js                                 1.04 kB │ gzip:   0.45 kB
n8n-editor-ui:build: dist/assets/SignoutView-D5duYr_o.js                                      1.12 kB │ gzip:   0.59 kB
n8n-editor-ui:build: dist/assets/InstanceAiLayout-J9lKc6kn.js                                 1.16 kB │ gzip:   0.51 kB
n8n-editor-ui:build: dist/assets/useAgentPermissions-zh9GFBHx.js                              1.23 kB │ gzip:   0.55 kB
n8n-editor-ui:build: dist/assets/useNodeCreatorShortcutCoachmark-CswtEZoq.js                  1.24 kB │ gzip:   0.53 kB
n8n-editor-ui:build: dist/assets/LoadingView-0qt2DaFM.js                                      1.28 kB │ gzip:   0.59 kB
n8n-editor-ui:build: dist/assets/thread-title-CMWOago0.js                                     1.29 kB │ gzip:   0.70 kB
n8n-editor-ui:build: dist/assets/useIntersectionObserver-TzZa9Pwj.js                          1.29 kB │ gzip:   0.59 kB
n8n-editor-ui:build: dist/assets/uniqBy-D-OA9CGF.js                                           1.36 kB │ gzip:   0.73 kB
n8n-editor-ui:build: dist/assets/setupPanel.store-B0cz5fFq.js                                 1.40 kB │ gzip:   0.62 kB
n8n-editor-ui:build: dist/assets/userRoleProvisioning.store-Rxr2PlMo.js                       1.42 kB │ gzip:   0.51 kB
n8n-editor-ui:build: dist/assets/AgentView-CeeSC-DW.js                                        1.42 kB │ gzip:   0.65 kB
n8n-editor-ui:build: dist/assets/retry-DEhQ-_-o.js                                            1.43 kB │ gzip:   0.65 kB
n8n-editor-ui:build: dist/assets/pickBy-CQjsLZI_.js                                           1.45 kB │ gzip:   0.70 kB
n8n-editor-ui:build: dist/assets/shield-alt-DJ851IO6.js                                       1.49 kB │ gzip:   0.72 kB
n8n-editor-ui:build: dist/assets/useDocumentTitle-YQUNs4Dn.js                                 1.50 kB │ gzip:   0.68 kB
n8n-editor-ui:build: dist/assets/EmptySharedSectionActionBox-YCnvrRJB.js                      1.55 kB │ gzip:   0.77 kB
n8n-editor-ui:build: dist/assets/useExternalHooks-C4TSxz5g.js                                 1.55 kB │ gzip:   0.63 kB
n8n-editor-ui:build: dist/assets/useAiGateway-BzinywZc.js                                     1.56 kB │ gzip:   0.58 kB
n8n-editor-ui:build: dist/assets/dist-CtWpHxY3.js                                             1.59 kB │ gzip:   0.74 kB
n8n-editor-ui:build: dist/assets/RunDataHtml-CTHYF9jz.js                                      1.60 kB │ gzip:   0.75 kB
n8n-editor-ui:build: dist/assets/ChatLayout-Cb8KD5Qg.js                                       1.71 kB │ gzip:   0.81 kB
n8n-editor-ui:build: dist/assets/AnimatedSpinner-DfL-ar_m.js                                  1.76 kB │ gzip:   0.66 kB
n8n-editor-ui:build: dist/assets/SecretsProviderImage.ee-CQpk5cHo.js                          1.81 kB │ gzip:   0.72 kB
n8n-editor-ui:build: dist/assets/InsightsChartFailed-BhI002Fz.js                              1.84 kB │ gzip:   0.87 kB
n8n-editor-ui:build: dist/assets/agentTelemetry.utils-CZJeCZI4.js                             1.87 kB │ gzip:   0.82 kB
n8n-editor-ui:build: dist/assets/useClipboard-BRkCUSzV.js                                     1.90 kB │ gzip:   0.85 kB
n8n-editor-ui:build: dist/assets/chatHubPanel.store-CbRIKu_9.js                               1.91 kB │ gzip:   0.81 kB
n8n-editor-ui:build: dist/assets/InsightsChartTotal-8cyDNSlK.js                               1.97 kB │ gzip:   0.88 kB
n8n-editor-ui:build: dist/assets/orderBy-Gv1-ukEq.js                                          1.98 kB │ gzip:   0.91 kB
n8n-editor-ui:build: dist/assets/constants-ix0MinJn.js                                        1.98 kB │ gzip:   0.85 kB
n8n-editor-ui:build: dist/assets/evaluation.constants-DGop_DS0.js                             2.00 kB │ gzip:   0.70 kB
n8n-editor-ui:build: dist/assets/useTelemetryContext-CIyY7h3H.js                              2.00 kB │ gzip:   0.91 kB
n8n-editor-ui:build: dist/assets/dateFormatter-Cf4Re1Ak.js                                    2.03 kB │ gzip:   0.72 kB
n8n-editor-ui:build: dist/assets/KeyboardShortcutTooltip-CyIu-na6.js                          2.03 kB │ gzip:   0.84 kB
n8n-editor-ui:build: dist/assets/insights.constants-GyLvkKb8.js                               2.06 kB │ gzip:   0.77 kB
n8n-editor-ui:build: dist/assets/InsightsChartFailureRate-DfIQQJpx.js                         2.08 kB │ gzip:   0.95 kB
n8n-editor-ui:build: dist/assets/chunk-CC9Q-vWm.js                                            2.17 kB │ gzip:   0.98 kB
n8n-editor-ui:build: dist/assets/flatten-CBkv-6ef.js                                          2.20 kB │ gzip:   0.90 kB
n8n-editor-ui:build: dist/assets/SamlOnboarding-ApPgspZM.js                                   2.21 kB │ gzip:   0.94 kB
n8n-editor-ui:build: dist/assets/WorkflowTagsDropdown-DEfz2sQ2.js                             2.25 kB │ gzip:   0.92 kB
n8n-editor-ui:build: dist/assets/SeverityTag-CG1I63UM.js                                      2.27 kB │ gzip:   0.98 kB
n8n-editor-ui:build: dist/assets/InsightsChartAverageRuntime-BopcsrFi.js                      2.29 kB │ gzip:   1.04 kB
n8n-editor-ui:build: dist/assets/WorkflowOnboardingView-BK-rslFl.js                           2.30 kB │ gzip:   0.89 kB
n8n-editor-ui:build: dist/assets/AnnotationTagsDropdown.ee-SJorPAHD.js                        2.32 kB │ gzip:   0.94 kB
n8n-editor-ui:build: dist/assets/InsightsChartTimeSaved-B4Uyv6ln.js                           2.34 kB │ gzip:   1.07 kB
n8n-editor-ui:build: dist/assets/InsightsPaywall-C00tXZqe.js                                  2.39 kB │ gzip:   0.90 kB
n8n-editor-ui:build: dist/assets/useFreeAiCredits-B1jbm5CQ.js                                 2.40 kB │ gzip:   0.88 kB
n8n-editor-ui:build: dist/assets/utils-BAxIjYVE.js                                            2.49 kB │ gzip:   1.07 kB
n8n-editor-ui:build: dist/assets/apiKeys.store-c7ANkQC5.js                                    2.54 kB │ gzip:   0.90 kB
n8n-editor-ui:build: dist/assets/model-string-D5hvSXKs.js                                     2.56 kB │ gzip:   1.23 kB
n8n-editor-ui:build: dist/assets/ErrorView-C4fobFWL.js                                        2.65 kB │ gzip:   1.05 kB
n8n-editor-ui:build: dist/assets/useSecretsProvidersList.ee-fAqES9sJ.js                       2.66 kB │ gzip:   0.84 kB
n8n-editor-ui:build: dist/assets/SelectedItemsInfo-BC-3jinl.js                                2.66 kB │ gzip:   0.99 kB
n8n-editor-ui:build: dist/assets/ProjectIcon-D-L4Tpo7.js                                      2.70 kB │ gzip:   1.10 kB
n8n-editor-ui:build: dist/assets/projectRoleScopes-DHt0MUxw.js                                2.72 kB │ gzip:   1.09 kB
n8n-editor-ui:build: dist/assets/roles.store-CNK6WvIA.js                                      2.79 kB │ gzip:   0.89 kB
n8n-editor-ui:build: dist/assets/ConnectionTracker-BHP8yjEK.js                                2.84 kB │ gzip:   1.10 kB
n8n-editor-ui:build: dist/assets/EntityUnAuthorised-D_mJlYYy.js                               2.85 kB │ gzip:   1.18 kB
n8n-editor-ui:build: dist/assets/useAgentTelemetry-Dd11XDaV.js                                2.95 kB │ gzip:   0.72 kB
n8n-editor-ui:build: dist/assets/BaseLayout-BB0QE-e4.js                                       2.96 kB │ gzip:   0.94 kB
n8n-editor-ui:build: dist/assets/communityNodes.store-C6eWxSy_.js                             3.00 kB │ gzip:   0.94 kB
n8n-editor-ui:build: dist/assets/useWorkflowEvaluationState-BajBQcHs.js                       3.01 kB │ gzip:   1.04 kB
n8n-editor-ui:build: dist/assets/ForgotMyPasswordView-Bk-e9msd.js                             3.03 kB │ gzip:   1.19 kB
n8n-editor-ui:build: dist/assets/EntityNotFound-CR_fSRut.js                                   3.04 kB │ gzip:   1.08 kB
n8n-editor-ui:build: dist/assets/insights.store-R0ucoXF6.js                                   3.20 kB │ gzip:   0.95 kB
n8n-editor-ui:build: dist/assets/useResizablePanel-mqUYvk7I.js                                3.23 kB │ gzip:   1.04 kB
n8n-editor-ui:build: dist/assets/CopyInput-DF_xBABC.js                                        3.25 kB │ gzip:   1.25 kB
n8n-editor-ui:build: dist/assets/SetupView-1FUf_U1n.js                                        3.25 kB │ gzip:   1.19 kB
n8n-editor-ui:build: dist/assets/McpAccessToggle-DhJOYN1w.js                                  3.27 kB │ gzip:   1.19 kB
n8n-editor-ui:build: dist/assets/TemplatesView-CCC86HD4.js                                    3.29 kB │ gzip:   1.09 kB
n8n-editor-ui:build: dist/assets/useExecutionHelpers-DYRqHTV-.js                              3.31 kB │ gzip:   1.10 kB
n8n-editor-ui:build: dist/assets/values-VOOn-aHL.js                                           3.34 kB │ gzip:   1.16 kB
n8n-editor-ui:build: dist/assets/useSecretsProviderConnection.ee-BgOPLJyy.js                  3.36 kB │ gzip:   0.93 kB
n8n-editor-ui:build: dist/assets/TextWithHighlights-BLJb4oBH.js                               3.40 kB │ gzip:   1.28 kB
n8n-editor-ui:build: dist/assets/useCalloutHelpers-B3wYTaUi.js                                3.44 kB │ gzip:   1.21 kB
n8n-editor-ui:build: dist/assets/emptyStateBuilderPrompt.store-DxijqfvD.js                    3.51 kB │ gzip:   1.27 kB
n8n-editor-ui:build: dist/assets/DemoDiffView-Dtduen2x.js                                     3.52 kB │ gzip:   1.36 kB
n8n-editor-ui:build: dist/assets/templateActions-DSANyYlw.js                                  3.67 kB │ gzip:   1.23 kB
n8n-editor-ui:build: dist/assets/NodeIcon-D9UJyO5o.js                                         3.69 kB │ gzip:   1.27 kB
n8n-editor-ui:build: dist/assets/useChatCredentials-H4XTAk39.js                               3.70 kB │ gzip:   1.37 kB
n8n-editor-ui:build: dist/assets/BrowserUseSetupModal-D-Qxw6QM.js                             3.72 kB │ gzip:   1.38 kB
n8n-editor-ui:build: dist/assets/FileSaver.min-BjagXC2C.js                                    3.77 kB │ gzip:   1.61 kB
n8n-editor-ui:build: dist/assets/AgentBuilderUnconfiguredEmptyState-B8byt3Er.js               3.79 kB │ gzip:   1.33 kB
n8n-editor-ui:build: dist/assets/ChatAgentAvatar-BLV2ITTd.js                                  3.80 kB │ gzip:   1.44 kB
n8n-editor-ui:build: dist/assets/useAgentPublish-DmWjBjHX.js                                  3.84 kB │ gzip:   1.09 kB
n8n-editor-ui:build: dist/assets/CredentialIcon-DAfW0aE-.js                                   3.93 kB │ gzip:   1.29 kB
n8n-editor-ui:build: dist/assets/SignupView-CWwymVgJ.js                                       4.05 kB │ gzip:   1.46 kB
n8n-editor-ui:build: dist/assets/ProjectBreadcrumb-7FjA0uoF.js                                4.06 kB │ gzip:   1.40 kB
n8n-editor-ui:build: dist/assets/templateTransforms-HGHNZpX9.js                               4.14 kB │ gzip:   1.36 kB
n8n-editor-ui:build: dist/assets/usage.store-CsPxXNL5.js                                      4.18 kB │ gzip:   1.26 kB
n8n-editor-ui:build: dist/assets/usePageRedirectionHelper-BvkvfkHH.js                         4.20 kB │ gzip:   1.41 kB
n8n-editor-ui:build: dist/assets/ToolSettingsModal-DoRncfNq.js                                4.33 kB │ gzip:   1.46 kB
n8n-editor-ui:build: dist/assets/SetupWorkflowCredentialsButton-rrGMnrUT.js                   4.35 kB │ gzip:   1.47 kB
n8n-editor-ui:build: dist/assets/useMoveResourceToProjectToast-Cawc8vEq.js                    4.36 kB │ gzip:   1.45 kB
n8n-editor-ui:build: dist/assets/chartjs.utils-B-VVBlor.js                                    4.39 kB │ gzip:   1.12 kB
n8n-editor-ui:build: dist/assets/evaluation.utils-D7ZbrUnO.js                                 4.39 kB │ gzip:   1.47 kB
n8n-editor-ui:build: dist/assets/CopyButton-7_iUITd_.js                                       4.42 kB │ gzip:   1.52 kB
n8n-editor-ui:build: dist/assets/workers-Dr_IEcHt.js                                          4.43 kB │ gzip:   1.56 kB
n8n-editor-ui:build: dist/assets/WorkflowExecutionsLandingPage-DsKVRKnh.js                    4.45 kB │ gzip:   1.46 kB
n8n-editor-ui:build: dist/assets/ModelByIdSelectorModal-DhlBHqvX.js                           4.63 kB │ gzip:   1.58 kB
n8n-editor-ui:build: dist/assets/resourceCenter.store-B7GwM22E.js                             4.66 kB │ gzip:   1.73 kB
n8n-editor-ui:build: dist/assets/dist-SqBGAiID.js                                             4.73 kB │ gzip:   1.61 kB
n8n-editor-ui:build: dist/assets/AuthView-D3c6kG14.js                                         4.75 kB │ gzip:   1.62 kB
n8n-editor-ui:build: dist/assets/ChangePasswordView-DOz1-ACT.js                               4.75 kB │ gzip:   1.58 kB
n8n-editor-ui:build: dist/assets/surfaceMcpToNewCloudUsers.store-DZP95Exr.js                  4.79 kB │ gzip:   1.24 kB
n8n-editor-ui:build: dist/assets/nodeIcon-Bwy-uhIp.js                                         4.80 kB │ gzip:   1.49 kB
n8n-editor-ui:build: dist/assets/useAgentIntegrationStatus-2lZPlr9Z.js                        4.88 kB │ gzip:   1.46 kB
n8n-editor-ui:build: dist/assets/useKeybindings-CfOSKKwt.js                                   4.93 kB │ gzip:   1.84 kB
n8n-editor-ui:build: dist/assets/Draggable-C7yu3HkE.js                                        5.08 kB │ gzip:   1.68 kB
n8n-editor-ui:build: dist/assets/col-BIoAGatG.js                                              5.17 kB │ gzip:   1.47 kB
n8n-editor-ui:build: dist/assets/CredentialsDropdown-Da6n_tER.js                              5.20 kB │ gzip:   1.77 kB
n8n-editor-ui:build: dist/assets/SettingsLayout-ucwz95UQ.js                                   5.24 kB │ gzip:   1.68 kB
n8n-editor-ui:build: dist/assets/agentSessions.store-CHya4Frx.js                              5.37 kB │ gzip:   1.63 kB
n8n-editor-ui:build: dist/assets/DemoLayout-DeeZwXRI.js                                       5.44 kB │ gzip:   1.96 kB
n8n-editor-ui:build: dist/assets/ChatFile-ChhXX158.js                                         5.45 kB │ gzip:   1.63 kB
n8n-editor-ui:build: dist/assets/RunDataSearch-JyCQ5-HC.js                                    5.54 kB │ gzip:   2.01 kB
n8n-editor-ui:build: dist/assets/ChatWorkflowAgentsView-DD9-vgqt.js                           5.68 kB │ gzip:   1.90 kB
n8n-editor-ui:build: dist/assets/ContactAdministratorToInstall-DN5S7hny.js                    5.79 kB │ gzip:   2.02 kB
n8n-editor-ui:build: dist/assets/useExecutionDebugging-KJN9pXR2.js                            5.84 kB │ gzip:   2.03 kB
n8n-editor-ui:build: dist/assets/dateformat-DrkL5gws.js                                       5.89 kB │ gzip:   2.29 kB
n8n-editor-ui:build: dist/assets/sso.store-CC_dXJgv.js                                        5.95 kB │ gzip:   1.46 kB
n8n-editor-ui:build: dist/assets/CredentialSelectorModal-DjFCvZCM.js                          5.98 kB │ gzip:   1.77 kB
n8n-editor-ui:build: dist/assets/insights.utils-86JKKhxv.js                                   6.18 kB │ gzip:   1.90 kB
n8n-editor-ui:build: dist/assets/mcp.store-BaRXowZh.js                                        6.38 kB │ gzip:   1.82 kB
n8n-editor-ui:build: dist/assets/useWorkflowActivate-D8pb0VD0.js                              6.38 kB │ gzip:   1.79 kB
n8n-editor-ui:build: dist/assets/useSettingsItems-DahPL8UH.js                                 6.44 kB │ gzip:   1.61 kB
n8n-editor-ui:build: dist/assets/useCodeDiff-on5hUv6z.js                                      6.50 kB │ gzip:   2.16 kB
n8n-editor-ui:build: dist/assets/overlay-BGNw9KZj.js                                          6.56 kB │ gzip:   2.11 kB
n8n-editor-ui:build: dist/assets/TimeAgo-CNxSTm9t.js                                          6.57 kB │ gzip:   2.34 kB
n8n-editor-ui:build: dist/assets/useQuickConnect-Bg0r1qPk.js                                  6.61 kB │ gzip:   2.10 kB
n8n-editor-ui:build: dist/assets/SettingsAIView-B_6Es7Rw.js                                   6.74 kB │ gzip:   1.91 kB
n8n-editor-ui:build: dist/assets/useWorkflowState-D60tma4X.js                                 6.76 kB │ gzip:   1.85 kB
n8n-editor-ui:build: dist/assets/logStreaming.store-DnJKmLeX.js                               6.84 kB │ gzip:   1.77 kB
n8n-editor-ui:build: dist/assets/useBugReporting-B2jjG7Tq.js                                  6.85 kB │ gzip:   2.63 kB
n8n-editor-ui:build: dist/assets/TemplatesWorkflowView-BPilR3aN.js                            6.93 kB │ gzip:   2.22 kB
n8n-editor-ui:build: dist/assets/_initCloneObject-DQJbmMHO.js                                 6.95 kB │ gzip:   1.99 kB
n8n-editor-ui:build: dist/assets/chatPanel.store-DC1oMpiC.js                                  6.97 kB │ gzip:   2.03 kB
n8n-editor-ui:build: dist/assets/useAgentApi-BiK1fZQ4.js                                      7.09 kB │ gzip:   1.13 kB
n8n-editor-ui:build: dist/assets/Modal-Du85E3X5.js                                            7.23 kB │ gzip:   2.32 kB
n8n-editor-ui:build: dist/assets/useCredentialResolvers-Dmb8hWwe.js                           7.31 kB │ gzip:   2.24 kB
n8n-editor-ui:build: dist/assets/RedactedDataState-y-VnZdVp.js                                7.37 kB │ gzip:   2.33 kB
n8n-editor-ui:build: dist/assets/WorkflowLocation-CaG7OTMn.js                                 7.48 kB │ gzip:   1.65 kB
n8n-editor-ui:build: dist/assets/ChatInputBase-BJzxS8ZX.js                                    7.49 kB │ gzip:   2.37 kB
n8n-editor-ui:build: dist/assets/en-hN6GCUz2.js                                               7.54 kB │ gzip:   2.43 kB
n8n-editor-ui:build: dist/assets/ExternalSecretsProviderConnectionSwitch.ee-B3tKTG0N.js       7.60 kB │ gzip:   2.36 kB
n8n-editor-ui:build: dist/assets/ResourceFiltersDropdown-BV_d0Yai.js                          7.61 kB │ gzip:   2.36 kB
n8n-editor-ui:build: dist/assets/_baseOrderBy-LwV8ueSv.js                                     7.62 kB │ gzip:   2.04 kB
n8n-editor-ui:build: dist/assets/banners.store-CHXSfzmn.js                                    7.71 kB │ gzip:   2.45 kB
n8n-editor-ui:build: dist/assets/executions.store-DwqG4Ujc.js                                 7.73 kB │ gzip:   2.01 kB
n8n-editor-ui:build: dist/assets/versions.store-B723w1OO.js                                   7.79 kB │ gzip:   2.39 kB
n8n-editor-ui:build: dist/assets/cloudPlan.store-4tDEgdBa.js                                  7.80 kB │ gzip:   2.31 kB
n8n-editor-ui:build: dist/assets/ChatPersonalAgentsView-3yxYq6o4.js                           7.88 kB │ gzip:   2.38 kB
n8n-editor-ui:build: dist/assets/RunDataParsedAiContent-D9AawAvk.js                           7.88 kB │ gzip:   2.59 kB
n8n-editor-ui:build: dist/assets/externalSecrets.ee.store-VIQZR9Df.js                         8.02 kB │ gzip:   2.20 kB
n8n-editor-ui:build: dist/assets/comlink-CFQF-VPk.js                                          8.18 kB │ gzip:   2.56 kB
n8n-editor-ui:build: dist/assets/dist-DhvqBIvq.js                                             8.20 kB │ gzip:   3.41 kB
n8n-editor-ui:build: dist/assets/SurfaceMcpFirstOpenIntroModal-BPTkIPLt.js                    8.25 kB │ gzip:   2.30 kB
n8n-editor-ui:build: dist/assets/TagsDropdown-sE94g6uB.js                                     8.30 kB │ gzip:   2.68 kB
n8n-editor-ui:build: dist/assets/usePostMessageHandler-BP8ayoju.js                            8.48 kB │ gzip:   2.47 kB
n8n-editor-ui:build: dist/assets/InsightsSummary-hNrE9HsF.js                                  8.48 kB │ gzip:   2.59 kB
n8n-editor-ui:build: dist/assets/WorkflowExecutionsInfoAccordion-DGt-Oxlw.js                  8.55 kB │ gzip:   2.33 kB
n8n-editor-ui:build: dist/assets/AgentJsonEditor-B8d9BWGd.js                                  8.59 kB │ gzip:   2.90 kB
n8n-editor-ui:build: dist/assets/AgentSessionsListView-Dm91gj0Z.js                            8.83 kB │ gzip:   2.63 kB
n8n-editor-ui:build: dist/assets/CreditWarningBanner-Ae0o7cGb.js                              8.91 kB │ gzip:   2.31 kB
n8n-editor-ui:build: dist/assets/useCredentialOAuth-Bs2NmGzW.js                               8.94 kB │ gzip:   2.59 kB
n8n-editor-ui:build: dist/assets/folders.store-uU7soaF-.js                                    8.99 kB │ gzip:   2.53 kB
n8n-editor-ui:build: dist/assets/WorkflowPreview-BfEEb7G8.js                                  9.25 kB │ gzip:   2.56 kB
n8n-editor-ui:build: dist/assets/usePinnedData-B1v-Is0T.js                                    9.25 kB │ gzip:   2.70 kB
n8n-editor-ui:build: dist/assets/ResolversView-D4OjGQiD.js                                    9.30 kB │ gzip:   2.57 kB
n8n-editor-ui:build: dist/assets/focusPanel.store-VJ5vo-F4.js                                 9.32 kB │ gzip:   3.07 kB
n8n-editor-ui:build: dist/assets/ProjectCardBadge-6Nxe88cN.js                                 9.35 kB │ gzip:   2.39 kB
n8n-editor-ui:build: dist/assets/CredentialPicker-B7FlVqhy.js                                 9.56 kB │ gzip:   2.61 kB
n8n-editor-ui:build: dist/assets/RunDataJson-QlYvfjWh.js                                      9.59 kB │ gzip:   3.15 kB
n8n-editor-ui:build: dist/assets/FolderBreadcrumbs-CI-Qra90.js                                9.65 kB │ gzip:   2.85 kB
n8n-editor-ui:build: dist/assets/SkeletonAgentCard-BSxSSwR3.js                                9.96 kB │ gzip:   2.69 kB
n8n-editor-ui:build: dist/assets/OAuthConsentView-rLThVPh4.js                                10.03 kB │ gzip:   2.58 kB
n8n-editor-ui:build: dist/assets/InsightsTableWorkflows-BtQntnhR.js                          10.10 kB │ gzip:   3.33 kB
n8n-editor-ui:build: dist/assets/pushConnection.store-DO9UU99z.js                            10.13 kB │ gzip:   2.79 kB
n8n-editor-ui:build: dist/assets/DependencyPill-BdkGUwFY.js                                  10.14 kB │ gzip:   3.19 kB
n8n-editor-ui:build: dist/assets/useActions-BEiq-Q_t.js                                      10.18 kB │ gzip:   3.06 kB
n8n-editor-ui:build: dist/assets/useDebounce-oYnJiciw.js                                     10.29 kB │ gzip:   3.36 kB
n8n-editor-ui:build: dist/assets/CommunityNodeUpdateInfo-DjD6sfY3.js                         10.46 kB │ gzip:   2.96 kB
n8n-editor-ui:build: dist/assets/useLogsTreeExpand-FP8V8rn8.js                               10.55 kB │ gzip:   3.39 kB
n8n-editor-ui:build: dist/assets/dataTable.store-ChsOUHTW.js                                 10.61 kB │ gzip:   2.78 kB
n8n-editor-ui:build: dist/assets/MCPConnectWorkflowsModal-ChcVlo5V.js                        10.71 kB │ gzip:   3.15 kB
n8n-editor-ui:build: dist/assets/useGlobalEntityCreation-DXAB7kO3.js                         10.89 kB │ gzip:   2.40 kB
n8n-editor-ui:build: dist/assets/radio-hnxxyiNy.js                                           10.98 kB │ gzip:   2.65 kB
n8n-editor-ui:build: dist/assets/SettingsAiGatewayView-DHXfr3T6.js                           11.25 kB │ gzip:   3.09 kB
n8n-editor-ui:build: dist/assets/useMcpServerAdapter-Dhbh8esy.js                             11.28 kB │ gzip:   3.42 kB
n8n-editor-ui:build: dist/assets/SettingsExternalSecrets-BKNhxriF.js                         11.34 kB │ gzip:   3.06 kB
n8n-editor-ui:build: dist/assets/dist-BAzXuz0k.js                                            11.66 kB │ gzip:   4.19 kB
n8n-editor-ui:build: dist/assets/MigrationRuleDetail-Cmr4nQmA.js                             12.27 kB │ gzip:   3.61 kB
n8n-editor-ui:build: dist/assets/collaboration.store-CfOkHlUJ.js                             12.32 kB │ gzip:   3.03 kB
n8n-editor-ui:build: dist/assets/ToolsSelector-CgkwMwf5.js                                   12.36 kB │ gzip:   3.60 kB
n8n-editor-ui:build: dist/assets/AgentsListView-Bc-5La3V.js                                  12.42 kB │ gzip:   3.59 kB
n8n-editor-ui:build: dist/assets/one-password-BbXqI3Tw.js                                    12.59 kB │ gzip:   6.65 kB
n8n-editor-ui:build: dist/assets/SetupWorkflowFromTemplateView-BE6k6UUd.js                   12.79 kB │ gzip:   3.57 kB
n8n-editor-ui:build: dist/assets/templates.store-B3OnLPNQ.js                                 12.85 kB │ gzip:   3.11 kB
n8n-editor-ui:build: dist/assets/SetupTemplateFormStep-C-QO-NOB.js                           13.01 kB │ gzip:   3.64 kB
n8n-editor-ui:build: dist/assets/TemplateList-Ctd7NonN.js                                    13.13 kB │ gzip:   3.17 kB
n8n-editor-ui:build: dist/assets/TemplatesCollectionView-D-YerGwm.js                         13.61 kB │ gzip:   3.36 kB
n8n-editor-ui:build: dist/assets/NodeToolSettingsContent-E8uTYcPN.js                         13.65 kB │ gzip:   3.86 kB
n8n-editor-ui:build: dist/assets/chat.utils-BK5-K4xt.js                                      13.72 kB │ gzip:   4.05 kB
n8n-editor-ui:build: dist/assets/ProjectRolesView-CZAkAXRc.js                                13.75 kB │ gzip:   3.56 kB
n8n-editor-ui:build: dist/assets/NodeCreation-CdTqbmcR.js                                    13.85 kB │ gzip:   4.33 kB
n8n-editor-ui:build: dist/assets/ProjectSharing-35py7ZOG.js                                  14.06 kB │ gzip:   3.67 kB
n8n-editor-ui:build: dist/assets/MigrationRules-eh5s0Ct7.js                                  14.36 kB │ gzip:   3.10 kB
n8n-editor-ui:build: dist/assets/shuffle-CthjcRIJ.js                                         14.50 kB │ gzip:   3.88 kB
n8n-editor-ui:build: dist/assets/SettingsAgentBuilderView-7fAQv2II.js                        14.52 kB │ gzip:   3.95 kB
n8n-editor-ui:build: dist/assets/SettingsApiView-DrqaNsIW.js                                 14.62 kB │ gzip:   3.91 kB
n8n-editor-ui:build: dist/assets/DataTableDetailsView-CPyMe9mh.js                            14.65 kB │ gzip:   3.88 kB
n8n-editor-ui:build: dist/assets/InstanceAiView-BGMGgdHC.js                                  14.82 kB │ gzip:   4.12 kB
n8n-editor-ui:build: dist/assets/dialog-D3-vOusc.js                                          14.84 kB │ gzip:   4.20 kB
n8n-editor-ui:build: dist/assets/useToast-BzUp6lZr.js                                        14.97 kB │ gzip:   4.75 kB
n8n-editor-ui:build: dist/assets/ProviderSettingsModal-qf0ABhtY.js                           14.99 kB │ gzip:   3.39 kB
n8n-editor-ui:build: dist/assets/DataTableView-CFCV808u.js                                   15.05 kB │ gzip:   4.06 kB
n8n-editor-ui:build: dist/assets/AgentSkillModal-BczBgGN2.js                                 15.33 kB │ gzip:   3.66 kB
n8n-editor-ui:build: dist/assets/SettingsPersonalView-DcX_5ktX.js                            17.27 kB │ gzip:   4.09 kB
n8n-editor-ui:build: dist/assets/MainSidebarHeader-pqVGAoiX.js                               17.50 kB │ gzip:   4.08 kB
n8n-editor-ui:build: dist/assets/SettingsCommunityNodesView-DYobcG8r.js                      17.58 kB │ gzip:   4.19 kB
n8n-editor-ui:build: dist/assets/SettingsLogStreamingView-repxrMiU.js                        17.98 kB │ gzip:   4.53 kB
n8n-editor-ui:build: dist/assets/DataTableActions-DutXCIlw.js                                18.40 kB │ gzip:   4.10 kB
n8n-editor-ui:build: dist/assets/SurfaceMcpBridgeGraphic-CvUmK_a0.js                         18.66 kB │ gzip:   6.60 kB
n8n-editor-ui:build: dist/assets/instanceAiSettings.store-Ca-etqaY.js                        18.76 kB │ gzip:   4.75 kB
n8n-editor-ui:build: dist/assets/SettingsUsageAndPlan-NJWN61r6.js                            19.13 kB │ gzip:   4.54 kB
n8n-editor-ui:build: dist/assets/ToolsManagerModal-09-11eDn.js                               19.29 kB │ gzip:   4.62 kB
n8n-editor-ui:build: dist/assets/assistant.store-DJWL3EwA.js                                 19.51 kB │ gzip:   4.51 kB
n8n-editor-ui:build: dist/assets/ComputerUseSetupContent-DvXezK19.js                         19.62 kB │ gzip:   6.55 kB
n8n-editor-ui:build: dist/assets/aiTemplatesStarterCollection.store-D4pxJwyM.js              20.22 kB │ gzip:   5.17 kB
n8n-editor-ui:build: dist/assets/SettingsEncryptionKeys-CX66CNEQ.js                          20.35 kB │ gzip:   5.27 kB
n8n-editor-ui:build: dist/assets/ModelSelector-CwPqdVZz.js                                   20.49 kB │ gzip:   5.70 kB
n8n-editor-ui:build: dist/assets/ProjectVariables-BAP1Oc0B.js                                20.61 kB │ gzip:   5.40 kB
n8n-editor-ui:build: dist/assets/AddDataTableModal-D2FPMnVl.js                               20.79 kB │ gzip:   4.91 kB
n8n-editor-ui:build: dist/assets/NewAgentView-CtfQtu6e.js                                    22.37 kB │ gzip:   6.89 kB
n8n-editor-ui:build: dist/assets/InsightsDashboard-B6_ZK0wK.js                               23.29 kB │ gzip:   6.41 kB
n8n-editor-ui:build: dist/assets/InstanceAiEmptyView-uCspPXV-.js                             23.61 kB │ gzip:   5.32 kB
n8n-editor-ui:build: dist/assets/AgentToolConfigModal-DzrW28Z_.js                            23.83 kB │ gzip:   5.38 kB
n8n-editor-ui:build: dist/assets/useMessage-n2iEHtBv.js                                      23.97 kB │ gzip:   6.27 kB
n8n-editor-ui:build: dist/assets/EvaluationsRootView-D8tQ4qOz.js                             24.01 kB │ gzip:   4.77 kB
n8n-editor-ui:build: dist/assets/RecommendedTemplateCard-C00RGN1A.js                         24.11 kB │ gzip:   7.71 kB
n8n-editor-ui:build: dist/assets/readyToRun.store-C3LNhK4T.js                                24.54 kB │ gzip:   6.76 kB
n8n-editor-ui:build: dist/assets/buttons.esm-CcpI4rXs.js                                     24.72 kB │ gzip:   7.59 kB
n8n-editor-ui:build: dist/assets/SettingsSourceControl-cfftfrvm.js                           24.75 kB │ gzip:   4.77 kB
n8n-editor-ui:build: dist/assets/ResourceCenterView-BOISTrDO.js                              25.72 kB │ gzip:   6.41 kB
n8n-editor-ui:build: dist/assets/_MapCache-CPuU71xb.js                                       27.61 kB │ gzip:   5.00 kB
n8n-editor-ui:build: dist/assets/WorkerView-DWHm27BQ.js                                      27.85 kB │ gzip:   5.83 kB
n8n-editor-ui:build: dist/assets/useRunWorkflow-CF_F1v2i.js                                  27.95 kB │ gzip:   7.24 kB
n8n-editor-ui:build: dist/assets/SettingsChatHubView-CzuH30vD.js                             28.06 kB │ gzip:   5.43 kB
n8n-editor-ui:build: dist/assets/CredentialsView-BSoYtRUG.js                                 28.65 kB │ gzip:   6.97 kB
n8n-editor-ui:build: dist/assets/ProjectHeader-FzDCQfQB.js                                   28.76 kB │ gzip:   6.69 kB
n8n-editor-ui:build: dist/assets/SettingsSecretsProviders.ee-BNg8E5ww.js                     28.86 kB │ gzip:   6.17 kB
n8n-editor-ui:build: dist/assets/ResourcesListLayout-D8-sSUxz.js                             29.26 kB │ gzip:   7.28 kB
n8n-editor-ui:build: dist/assets/ExecutionsTime-C7GpS0PV.js                                  29.50 kB │ gzip:   5.93 kB
n8n-editor-ui:build: dist/assets/SecuritySettings-BRUl14nk.js                                29.94 kB │ gzip:   4.50 kB
n8n-editor-ui:build: dist/assets/SigninView-sMMOP5R2.js                                      31.31 kB │ gzip:   9.40 kB
n8n-editor-ui:build: dist/assets/WorkflowExecutionsPreview-Dg5sYmTZ.js                       31.42 kB │ gzip:   6.48 kB
n8n-editor-ui:build: dist/assets/SettingsUsersView-DgOnQLB4.js                               31.70 kB │ gzip:   6.86 kB
n8n-editor-ui:build: dist/assets/LogsOverviewRow-bSjPa00M.js                                 31.91 kB │ gzip:   8.47 kB
n8n-editor-ui:build: dist/assets/RunDataTable-CDBSVIHN.js                                    32.08 kB │ gzip:   7.73 kB
n8n-editor-ui:build: dist/assets/ChatLayout-CCr8xfcU.js                                      32.28 kB │ gzip:   7.95 kB
n8n-editor-ui:build: dist/assets/SettingsInstanceAiView-DpildE5Z.js                          32.47 kB │ gzip:   4.96 kB
n8n-editor-ui:build: dist/assets/ProjectRoleView-BTeQEvoM.js                                 32.80 kB │ gzip:   6.94 kB
n8n-editor-ui:build: dist/assets/MCPOnboardingModal-DbpT3bOE.js                              33.68 kB │ gzip:   8.46 kB
n8n-editor-ui:build: dist/assets/WorkflowExecutionsView-Cl0j6ycJ.js                          33.80 kB │ gzip:   7.52 kB
n8n-editor-ui:build: dist/assets/InstanceAiViewHeader-DGNK-E4i.js                            34.15 kB │ gzip:   7.65 kB
n8n-editor-ui:build: dist/assets/vue-json-pretty-DEgBDSR4.js                                 35.18 kB │ gzip:  10.03 kB
n8n-editor-ui:build: dist/assets/AppSidebar-Bv9Ez_wh.js                                      35.47 kB │ gzip:   8.16 kB
n8n-editor-ui:build: dist/assets/usePushConnection-BqOVup3d.js                               35.61 kB │ gzip:   7.79 kB
n8n-editor-ui:build: dist/assets/AgentEditorModal-GubazM4N.js                                36.21 kB │ gzip:   8.14 kB
n8n-editor-ui:build: dist/assets/xml-BVzDSG_x.js                                             38.17 kB │ gzip:   7.98 kB
n8n-editor-ui:build: dist/assets/NodeDetailsViewV2-CybsdlGq.js                               38.49 kB │ gzip:   9.21 kB
n8n-editor-ui:build: dist/assets/TestRunDetailView-gaKukxjm.js                               39.23 kB │ gzip:   8.22 kB
n8n-editor-ui:build: dist/assets/AgentToolsModal-qgLKbNi9.js                                 40.74 kB │ gzip:   8.78 kB
n8n-editor-ui:build: dist/assets/readyToRunWorkflows.store-C0KD5AxJ.js                       40.85 kB │ gzip:  10.36 kB
n8n-editor-ui:build: dist/assets/CalendarDate-DaCb8yxn.js                                    42.02 kB │ gzip:   8.71 kB
n8n-editor-ui:build: dist/assets/NodeDetailsView-Chn58mT6.js                                 43.20 kB │ gzip:   9.71 kB
n8n-editor-ui:build: dist/assets/ExecutionsView-GldDBgH8.js                                  46.52 kB │ gzip:   9.54 kB
n8n-editor-ui:build: dist/assets/WorkflowLayout-CxwKnITg.js                                  47.00 kB │ gzip:  10.51 kB
n8n-editor-ui:build: dist/assets/merge-BY88SuSy.js                                           47.34 kB │ gzip:   8.99 kB
n8n-editor-ui:build: dist/assets/TemplatesSearchView-W_jq-DfV.js                             47.37 kB │ gzip:  11.38 kB
n8n-editor-ui:build: dist/assets/SettingsMCPView-CV3wDDn0.js                                 48.56 kB │ gzip:   9.31 kB
n8n-editor-ui:build: dist/assets/chat.store-DI4tGpDq.js                                      49.86 kB │ gzip:  10.85 kB
n8n-editor-ui:build: dist/assets/canvas.eventBus-CKwfxaeq.js                                 49.95 kB │ gzip:  12.13 kB
n8n-editor-ui:build: dist/assets/upload-B33ZugqM.js                                          51.45 kB │ gzip:  11.93 kB
n8n-editor-ui:build: dist/assets/semver-AZdXxnt8.js                                          52.01 kB │ gzip:  10.29 kB
n8n-editor-ui:build: dist/assets/ChatView-ujkFj6ux.js                                        53.00 kB │ gzip:  12.11 kB
n8n-editor-ui:build: dist/assets/NodeCredentials-BM32PSZP.js                                 54.86 kB │ gzip:  13.69 kB
n8n-editor-ui:build: dist/assets/instanceAi.store-Bb2RT-0F.js                                55.65 kB │ gzip:  13.46 kB
n8n-editor-ui:build: dist/assets/get-C_dGLqyr.js                                             55.95 kB │ gzip:  12.74 kB
n8n-editor-ui:build: dist/assets/core-Cra4UmGe.js                                            56.70 kB │ gzip:  16.13 kB
n8n-editor-ui:build: dist/assets/core-rSfeZ7Ag.js                                            57.59 kB │ gzip:  14.36 kB
n8n-editor-ui:build: dist/assets/AgentAddTriggerModal-CihBM2qC.js                            59.26 kB │ gzip:  11.23 kB
n8n-editor-ui:build: dist/assets/RunDataJsonActions-BC_iObGG.js                              59.39 kB │ gzip:  16.24 kB
n8n-editor-ui:build: dist/assets/TriggerPanel-nfXsrNDP.js                                    60.06 kB │ gzip:  12.77 kB
n8n-editor-ui:build: dist/assets/EvaluationsView-Hkv4PzSM.js                                 64.36 kB │ gzip:  14.99 kB
n8n-editor-ui:build: dist/assets/ChatGreetings-CU5NISP1.js                                   66.88 kB │ gzip:  12.49 kB
n8n-editor-ui:build: dist/assets/users.store-BJ5jQIXB.js                                     68.18 kB │ gzip:  17.71 kB
n8n-editor-ui:build: dist/assets/node-icons-CUH8TIrW.js                                      70.46 kB │ gzip:  10.01 kB
n8n-editor-ui:build: dist/assets/_virtual_node-popularity-data-BPdollvX.js                   71.58 kB │ gzip:  11.94 kB
n8n-editor-ui:build: dist/assets/FixedCollectionParameter-BYbVyhmN.js                        73.79 kB │ gzip:  13.16 kB
n8n-editor-ui:build: dist/assets/settings.store-CxTFbWfx.js                                  82.27 kB │ gzip:  16.09 kB
n8n-editor-ui:build: dist/assets/ProjectSettings-DRSVjSpW.js                                 82.46 kB │ gzip:  15.46 kB
n8n-editor-ui:build: dist/assets/CanvasRunWorkflowButton-8KVlyJ32.js                         85.21 kB │ gzip:  22.07 kB
n8n-editor-ui:build: dist/assets/WorkflowHistory-BY3bOEBM.js                                 85.29 kB │ gzip:  17.08 kB
n8n-editor-ui:build: dist/assets/NodeSettings-CYrjE1Gy.js                                    86.14 kB │ gzip:  18.53 kB
n8n-editor-ui:build: dist/assets/vuedraggable-B59PKwgL.js                                    88.62 kB │ gzip:  22.42 kB
n8n-editor-ui:build: dist/assets/AgentSessionTimelineView-CHuf6S25.js                        91.06 kB │ gzip:  19.34 kB
n8n-editor-ui:build: dist/assets/MainHeader-BJ5e9-Xr.js                                      92.69 kB │ gzip:  20.13 kB
n8n-editor-ui:build: dist/assets/VirtualSchema-C-6qcqdd.js                                   94.99 kB │ gzip:  24.86 kB
n8n-editor-ui:build: dist/assets/empty-B-xA4Kx0.js                                          100.42 kB │ gzip:  21.36 kB
n8n-editor-ui:build: dist/assets/builder.store-67_UZQMt.js                                  103.46 kB │ gzip:  24.82 kB
n8n-editor-ui:build: dist/assets/useCanvasOperations-C-XcG20z.js                            104.36 kB │ gzip:  24.25 kB
n8n-editor-ui:build: dist/assets/NodeCreator-BfSYtu5w.js                                    105.21 kB │ gzip:  21.16 kB
n8n-editor-ui:build: dist/assets/SettingsSso-DfjClh_D.js                                    107.12 kB │ gzip:  20.16 kB
n8n-editor-ui:build: dist/assets/exports--ssX3ORi.js                                        135.92 kB │ gzip:  36.48 kB
n8n-editor-ui:build: dist/assets/useWorkflowInitialization-IN_fEcTc.js                      136.00 kB │ gzip:  31.03 kB
n8n-editor-ui:build: dist/assets/useRootStore-Cp0tcFqO.js                                   142.80 kB │ gzip:  39.68 kB
n8n-editor-ui:build: dist/assets/NodeView-CdYRHyjt.js                                       146.29 kB │ gzip:  31.60 kB
n8n-editor-ui:build: dist/assets/router-G-0Zw3NH.js                                         160.43 kB │ gzip:  35.34 kB
n8n-editor-ui:build: dist/assets/expressions-B9XQmsGM.js                                    161.59 kB │ gzip:  54.79 kB
n8n-editor-ui:build: dist/assets/date-picker-BMZQdzOP.js                                    162.36 kB │ gzip:  32.46 kB
n8n-editor-ui:build: dist/assets/table-DmHmiQF5.js                                          175.71 kB │ gzip:  40.48 kB
n8n-editor-ui:build: dist/assets/WorkflowDiffView-C32pl5cU.js                               209.35 kB │ gzip:  53.58 kB
n8n-editor-ui:build: dist/assets/SettingsLdapView-CLjwCQ3C.js                               230.34 kB │ gzip:  54.10 kB
n8n-editor-ui:build: dist/assets/WorkflowsView-BwnIHj0w.js                                  234.44 kB │ gzip:  47.71 kB
n8n-editor-ui:build: dist/assets/AgentBuilderView-B2J7TnCr.js                               271.83 kB │ gzip:  55.92 kB
n8n-editor-ui:build: dist/assets/AgentTaskModal-DsXrg9o_.js                                 280.33 kB │ gzip:  62.84 kB
n8n-editor-ui:build: dist/assets/vue.runtime.esm-bundler-BrtbH0UF.js                        282.51 kB │ gzip:  70.98 kB
n8n-editor-ui:build: dist/assets/languageModules-D8NfvpSm.js                                307.68 kB │ gzip:  84.83 kB
n8n-editor-ui:build: dist/assets/useImportCurlCommand-BTAy22AC.js                           324.62 kB │ gzip:  65.08 kB
n8n-editor-ui:build: dist/assets/RunData-BETVspE4.js                                        335.28 kB │ gzip:  71.17 kB
n8n-editor-ui:build: dist/assets/chart-B8FOzKqt.js                                          359.05 kB │ gzip:  89.95 kB
n8n-editor-ui:build: dist/assets/InstanceAiThreadView-DVW76GTB.js                           371.22 kB │ gzip:  75.30 kB
n8n-editor-ui:build: dist/assets/sanitize-html-CfU1vuYo.js                                  421.97 kB │ gzip: 107.04 kB
n8n-editor-ui:build: dist/assets/useWorkflowDocumentRenderData-B06WQXIR.js                  497.45 kB │ gzip: 111.56 kB
n8n-editor-ui:build: dist/assets/ChatMarkdownChunk-D6Inqbkn.js                              620.11 kB │ gzip: 120.22 kB
n8n-editor-ui:build: dist/assets/src-FCdnhVhj.js                                            643.62 kB │ gzip: 143.04 kB
n8n-editor-ui:build: dist/assets/compact-nUzEPYFu.js                                        660.38 kB │ gzip:  87.48 kB
n8n-editor-ui:build: dist/assets/dist-BSSHF7i-.js                                           715.49 kB │ gzip: 189.41 kB
n8n-editor-ui:build: dist/assets/NDVEmptyState-DTWAK8db.js                                  737.05 kB │ gzip: 185.34 kB
n8n-editor-ui:build: dist/assets/workflows.store-DoCh9DQh.js                                841.96 kB │ gzip: 197.98 kB
n8n-editor-ui:build: dist/assets/es-BGKK8h2A.js                                           1,216.40 kB │ gzip: 328.44 kB
n8n-editor-ui:build: dist/assets/ParameterInputList-BgQx7bj5.js                           1,240.98 kB │ gzip: 311.52 kB
n8n-editor-ui:build: dist/assets/index-DD0CkW0Q.js                                        1,360.48 kB │ gzip: 268.72 kB
n8n-editor-ui:build: dist/assets/DataTableTable-5wQYU9ML.js                               1,608.13 kB │ gzip: 363.27 kB
n8n-editor-ui:build: dist/assets/constants-DFN01z3V.js                                    3,173.64 kB │ gzip: 626.51 kB
n8n-editor-ui:build: dist/assets/src-C_RATIj5.js                                          3,434.11 kB │ gzip: 753.31 kB
n8n-editor-ui:build: 
n8n-editor-ui:build: [32m✓ built in 1m 13s[39m
@n8n/db:build: cache hit, replaying logs 1ee10a43223e289b
@n8n/db:build: 
@n8n/db:build: > @n8n/db@1.23.0 build C:\Users\Acer\n8n-Docker\packages\@n8n\db
@n8n/db:build: > tsc -p tsconfig.build.json
@n8n/db:build: 
@n8n/backend-test-utils:build: cache hit, replaying logs 03c4b85f0eef2816
@n8n/backend-test-utils:build: 
@n8n/backend-test-utils:build: > @n8n/backend-test-utils@1.23.0 build C:\Users\Acer\n8n-Docker\packages\@n8n\backend-test-utils
@n8n/backend-test-utils:build: > tsc -p tsconfig.build.json
@n8n/backend-test-utils:build: 
n8n-nodes-base:build: cache hit, replaying logs d6b25a6ef3db279d
n8n-nodes-base:build: 
n8n-nodes-base:build: > n8n-nodes-base@2.23.0 build C:\Users\Acer\n8n-Docker\packages\nodes-base
n8n-nodes-base:build: > tsc --build tsconfig.build.cjs.json && pnpm copy-nodes-json && tsc-alias -p tsconfig.build.cjs.json && pnpm n8n-copy-static-files && pnpm n8n-generate-translations && pnpm n8n-generate-metadata && pnpm n8n-generate-node-defs
n8n-nodes-base:build: 
n8n-nodes-base:build: 
n8n-nodes-base:build: > n8n-nodes-base@2.23.0 copy-nodes-json C:\Users\Acer\n8n-Docker\packages\nodes-base
n8n-nodes-base:build: > node scripts/copy-nodes-json.js .
n8n-nodes-base:build: 
n8n-nodes-base:build: Default locale set to: [35men[0m
n8n-nodes-base:build: No translation required - Skipping translations build...
n8n-nodes-base:build: Generated node definitions for 421 nodes in C:\Users\Acer\n8n-Docker\packages\nodes-base\dist\node-definitions
@n8n/n8n-nodes-langchain:build: cache hit, replaying logs 8d02e9d09817b493
@n8n/n8n-nodes-langchain:build: 
@n8n/n8n-nodes-langchain:build: > @n8n/n8n-nodes-langchain@2.23.0 build C:\Users\Acer\n8n-Docker\packages\@n8n\nodes-langchain
@n8n/n8n-nodes-langchain:build: > tsc --build tsconfig.build.json && pnpm copy-nodes-json && tsc-alias -p tsconfig.build.json && pnpm n8n-copy-static-files && pnpm n8n-generate-metadata && pnpm n8n-generate-node-defs
@n8n/n8n-nodes-langchain:build: 
@n8n/n8n-nodes-langchain:build: 
@n8n/n8n-nodes-langchain:build: > @n8n/n8n-nodes-langchain@2.23.0 copy-nodes-json C:\Users\Acer\n8n-Docker\packages\@n8n\nodes-langchain
@n8n/n8n-nodes-langchain:build: > node ../../nodes-base/scripts/copy-nodes-json.js .
@n8n/n8n-nodes-langchain:build: 
@n8n/n8n-nodes-langchain:build: Node definitions up to date (hash match), skipping generation.
n8n:build: cache miss, executing d3a9bdd21f801d6f
n8n:build: 
n8n:build: > n8n@2.23.0 build C:\Users\Acer\n8n-Docker\packages\cli
n8n:build: > tsc -p tsconfig.build.json && tsc-alias -p tsconfig.build.json && pnpm run build:data && pnpm run build:agent-library
n8n:build: 
n8n:build: 
n8n:build: > n8n@2.23.0 build:data C:\Users\Acer\n8n-Docker\packages\cli
n8n:build: > node scripts/build.mjs
n8n:build: 
n8n:build: 
n8n:build: > n8n@2.23.0 build:agent-library C:\Users\Acer\n8n-Docker\packages\cli
n8n:build: > node scripts/bundle-agent-library.mjs
n8n:build: 
n8n:build: [bundle-agent-library] Wrote dist\agent-library-bundle.js — 219.0 KB (0.21 MB)

 Tasks:    48 successful, 48 total
Cached:    47 cached, 48 total
  Time:    1m29.125s 

